pref,municipality,tier
東京都,千代田区,23ku
東京都,中央区,23ku
東京都,港区,23ku
東京都,新宿区,23ku
東京都,文京区,23ku
東京都,台東区,23ku
東京都,墨田区,23ku
東京都,江東区,23ku
東京都,品川区,23ku
東京都,目黒区,23ku
東京都,大田区,23ku
東京都,世田谷区,23ku
東京都,渋谷区,23ku
東京都,中野区,23ku
東京都,杉並区,23ku
東京都,豊島区,23ku
東京都,北区,23ku
東京都,荒川区,23ku
東京都,板橋区,23ku
東京都,練馬区,23ku
東京都,足立区,23ku
東京都,葛飾区,23ku
東京都,江戸川区,23ku
東京都,八王子市,shi
東京都,立川市,shi
東京都,武蔵野市,shi
東京都,三鷹市,shi
東京都,青梅市,shi
東京都,府中市,shi
東京都,昭島市,shi
東京都,調布市,shi
東京都,町田市,shi
東京都,小金井市,shi
東京都,小平市,shi
東京都,日野市,shi
東京都,東村山市,shi
東京都,国分寺市,shi
東京都,国立市,shi
東京都,福生市,shi
東京都,狛江市,shi
東京都,東大和市,shi
東京都,清瀬市,shi
東京都,東久留米市,shi
東京都,武蔵村山市,shi
東京都,多摩市,shi
東京都,稲城市,shi
東京都,羽村市,shi
東京都,あきる野市,shi
東京都,西東京市,shi
東京都,瑞穂町,cho
東京都,日の出町,cho
東京都,檜原村,son
東京都,奥多摩町,cho
神奈川県,横浜市,shi
神奈川県,川崎市,shi
神奈川県,相模原市,shi
神奈川県,横須賀市,shi
神奈川県,平塚市,shi
神奈川県,鎌倉市,shi
神奈川県,藤沢市,shi
神奈川県,小田原市,shi
神奈川県,茅ヶ崎市,shi
神奈川県,逗子市,shi
神奈川県,三浦市,shi
神奈川県,秦野市,shi
神奈川県,厚木市,shi
神奈川県,大和市,shi
神奈川県,伊勢原市,shi
神奈川県,海老名市,shi
神奈川県,座間市,shi
神奈川県,南足柄市,shi
神奈川県,綾瀬市,shi
神奈川県,葉山町,cho
神奈川県,寒川町,cho
神奈川県,大磯町,cho
神奈川県,二宮町,cho
神奈川県,中井町,cho
神奈川県,大井町,cho
神奈川県,松田町,cho
神奈川県,山北町,cho
神奈川県,開成町,cho
神奈川県,箱根町,cho
神奈川県,真鶴町,cho
神奈川県,湯河原町,cho
神奈川県,愛川町,cho
神奈川県,清川村,son
千葉県,千葉市,shi
千葉県,銚子市,shi
千葉県,市川市,shi
千葉県,船橋市,shi
千葉県,館山市,shi
千葉県,木更津市,shi
千葉県,松戸市,shi
千葉県,野田市,shi
千葉県,茂原市,shi
千葉県,成田市,shi
千葉県,佐倉市,shi
千葉県,東金市,shi
千葉県,旭市,shi
千葉県,習志野市,shi
千葉県,柏市,shi
千葉県,勝浦市,shi
千葉県,市原市,shi
千葉県,流山市,shi
千葉県,八千代市,shi
千葉県,我孫子市,shi
千葉県,鴨川市,shi
千葉県,鎌ケ谷市,shi
千葉県,君津市,shi
千葉県,富津市,shi
千葉県,浦安市,shi
千葉県,四街道市,shi
千葉県,袖ケ浦市,shi
千葉県,八街市,shi
千葉県,印西市,shi
千葉県,白井市,shi
千葉県,富里市,shi
千葉県,南房総市,shi
千葉県,匝瑳市,shi
千葉県,香取市,shi
千葉県,山武市,shi
千葉県,いすみ市,shi
千葉県,大網白里市,shi
千葉県,酒々井町,cho
千葉県,栄町,cho
千葉県,神崎町,cho
千葉県,多古町,cho
千葉県,東庄町,cho
千葉県,九十九里町,cho
千葉県,芝山町,cho
千葉県,横芝光町,cho
千葉県,一宮町,cho
千葉県,睦沢町,cho
千葉県,長生村,son
千葉県,白子町,cho
千葉県,長柄町,cho
千葉県,長南町,cho
千葉県,大多喜町,cho
千葉県,御宿町,cho
千葉県,鋸南町,cho
埼玉県,さいたま市,shi
埼玉県,川越市,shi
埼玉県,熊谷市,shi
埼玉県,川口市,shi
埼玉県,行田市,shi
埼玉県,秩父市,shi
埼玉県,所沢市,shi
埼玉県,飯能市,shi
埼玉県,加須市,shi
埼玉県,本庄市,shi
埼玉県,東松山市,shi
埼玉県,春日部市,shi
埼玉県,狭山市,shi
埼玉県,羽生市,shi
埼玉県,鴻巣市,shi
埼玉県,深谷市,shi
埼玉県,上尾市,shi
埼玉県,草加市,shi
埼玉県,越谷市,shi
埼玉県,蕨市,shi
埼玉県,戸田市,shi
埼玉県,入間市,shi
埼玉県,朝霞市,shi
埼玉県,志木市,shi
埼玉県,和光市,shi
埼玉県,新座市,shi
埼玉県,桶川市,shi
埼玉県,久喜市,shi
埼玉県,北本市,shi
埼玉県,八潮市,shi
埼玉県,富士見市,shi
埼玉県,三郷市,shi
埼玉県,蓮田市,shi
埼玉県,坂戸市,shi
埼玉県,幸手市,shi
埼玉県,鶴ヶ島市,shi
埼玉県,日高市,shi
埼玉県,吉川市,shi
埼玉県,ふじみ野市,shi
埼玉県,白岡市,shi
埼玉県,伊奈町,cho
埼玉県,三芳町,cho
埼玉県,毛呂山町,cho
埼玉県,越生町,cho
埼玉県,滑川町,cho
埼玉県,嵐山町,cho
埼玉県,小川町,cho
埼玉県,川島町,cho
埼玉県,吉見町,cho
埼玉県,鳩山町,cho
埼玉県,ときがわ町,cho
埼玉県,横瀬町,cho
埼玉県,皆野町,cho
埼玉県,長瀞町,cho
埼玉県,小鹿野町,cho
埼玉県,東秩父村,son
埼玉県,美里町,cho
埼玉県,神川町,cho
埼玉県,上里町,cho
埼玉県,寄居町,cho
埼玉県,宮代町,cho
埼玉県,杉戸町,cho
埼玉県,松伏町,cho
