company,url,prefecture,source
株式会社近藤建設興業,"http://www.kondo-kk.com",岡山市,jyukatsukyo_okayama
株式会社北屋建設,"http://www.tombo-kitaya.co.jp/",岡山市,jyukatsukyo_okayama
株式会社コムハウジング,"http://www.comhousing.com",岡山市,jyukatsukyo_okayama
有限会社まきび住建,"http://www.makibi.co.jp",岡山市,jyukatsukyo_okayama
橋本興産株式会社,"http://www.hashimotokousan.co.jp",岡山市,jyukatsukyo_okayama
有限会社木香,"http://mocca-house.com/",大分市,jyukatsukyo_oita
株式会社ナイスリフォーム,"http://www.nice-reform.jp/",徳島市,jyukatsukyo_tokushima
株式会社ゴジョウ,"https://gojyou.co.jp",広島市,jyukatsukyo_hiroshima
株式会社Cozy,"https://www.k-cozy.co.jp/",広島市,jyukatsukyo_hiroshima
岡山ハウス工業株式会社,"http://www.ii-ie.net/okayamahouse",岡山市,jyukatsukyo_okayama2
有限会社鞠子建設,"http://www.mariko.co.jp/",岡山市,jyukatsukyo_okayama2
ハウジング・スタッフ株式会社,"http://www.housing-staff.co.jp/",松江市,jyukatsukyo_shimane
株式会社CONIQ,"https://sda-suenaga.co.jp",福岡市,jyukatsukyo_fukuoka
伸建築,"http://www.nobukenchiku.com/",福岡市,jyukatsukyo_fukuoka2
株式会社ヒロハウス,"http://www.hilohouse.net/",福岡市,jyukatsukyo_fukuoka2
株式会社手嶋組,"http://www.sososya.com/",福岡市,jyukatsukyo_fukuoka2
想家工房株式会社,"http://soukakoubou.com/",福岡市,jyukatsukyo_fukuoka2
株式会社ＯＺ工務店,"http://www.ozkoumuten.com/",福岡市,jyukatsukyo_fukuoka2
株式会社大藪組,"http://www.oh-yabu.co.jp/",福岡市,jyukatsukyo_fukuoka2
中田ホームズ有限会社,"http://www.nakata-homes.com/",福岡市,jyukatsukyo_fukuoka2
株式会社スローライフ住宅設計,"http://slowlife-fukuoka.com/",福岡市,jyukatsukyo_fukuoka2
大楠建業,"http://okusu.jp/",北九州市,jyukatsukyo_fukuoka2
株式会社幸住研,"http://www.miyuki-juken.net/",熊本市,jyukatsukyo_kumamoto
株式会社 LIFE WORK,"https://lifework-architect.com/",高松市,jyukatsukyo_kagawa
株式会社意匠計画Horigami,"https://ishou-h.com/",高松市,jyukatsukyo_kagawa
株式会社田村ビルズ,"http://www.tamura-kenzai.co.jp/",山口市,jyukatsukyo_yamaguchi
福岡中小建設業協同組合,"https://fukuchukyo.com/",福岡市,fbn_member_list
(株)タカノホーム,"http://www.takanohome.co.jp/index.php",福岡市,fbn_member_list
健康住宅(株),"http://www.kenkoh-jutaku.co.jp/",福岡市,fbn_member_list
エコワークス(株),"http://www.eco-works.jp/",福岡市,fbn_member_list
(株)未来工房,"http://www.mirai-kohboh.co.jp",福岡市,fbn_member_list
星和住研(株),"http://www.e-seiwa.net/",福岡市,fbn_member_list
眞鍋建設(株),"http://www.manabe-k.com/",北九州市,fbn_member_list
(株)山﨑建設,"http://yamasaki-1972.co.jp/profile/",北九州市,fbn_member_list
(株)光栄建設,"https://www.tnk-koei.co.jp/",北九州市,fbn_member_list
(株)六花,"https://rokka-sumika.com/",北九州市,fbn_member_list
(株)西江ハウジング,"http://nishie-housing.com/",北九州市,fbn_member_list
(株)ナカジマ建設,"https://n-techno.net/",北九州市,fbn_member_list
Rin建築,"https://rin-k.co.jp/",北九州市,fbn_member_list
株式会社千代田工務店,"http://www.chiyodanoie.com/",鳥取市,chamber_tottori_yeg
株式会社懸樋工務店,"https://www.kakehi-const.co.jp/",鳥取市,chamber_tottori_yeg
田中工業株式会社,"http://www.tanaka-kougyou.jp/",鳥取市,chamber_tottori_yeg
株式会社白兎設計事務所,"http://www.hakutosekkei.jp/",鳥取市,chamber_tottori_yeg
有限会社杉内,"http://www.sugiuchi.co.jp/",鳥取市,chamber_tottori_yeg
有限会社エスジーシステム,"http://www.sg3.jp/",鳥取市,chamber_tottori_yeg
大和建設株式会社,"http://www.daiwa-kensetsu.co.jp/",鳥取市,chamber_tottori_officer
梶野工務店,"https://www.kajinokoumuten.com/",松江市,chamber_shimane
錦建設株式会社,"http://str-nishiki.co.jp/",広島市,chamber_hiroshima_yeg
下岸建設株式会社,"http://www.shimokishi.co.jp/",広島市,chamber_hiroshima_yeg
株式会社ハウスワン,"http://houseone.net/",広島市,chamber_hiroshima_yeg
株式会社住宅デザイン研究所,"http://www.jdknet.jp/",広島市,chamber_hiroshima_yeg
髙山産業株式会社,"https://takayama-ind.co.jp/",山口市,jyukatsukyo_yamaguchi
株式会社二宮工務店,"http://www.ninomiya-k.co.jp/",松山市,chamber_matsuyama_yeg
家工房猪野工務店,"https://www.1-ino.co.jp/",高知市,jyukatsukyo_kochi
株式会社岸之上工務店,"https://www.kishinoue.co.jp/",高知市,chamber_kochi_cci
くが工務店,"https://kugakoumuten.com/",佐賀市,chamber_saga
株式会社遠江工務店,"https://toonoe-koumuten.jp/",佐賀市,chamber_saga
幸保工務店,"https://www.yukiyasu.co.jp/",熊本市,jyukatsukyo_kumamoto
株式会社志水工務店,"https://www.shimizu-koumuten.jp/",熊本市,chamber_kumamoto
株式会社嶋田工務店,"https://www.shimada-koumuten.net/",長崎市,chamber_nagasaki
中武建設株式会社,"http://www.nakatake.co.jp/",宮崎市,jyukatsukyo_miyazaki
株式会社相塲工務店,"https://aiba-koumuten.jp/",鹿児島市,chamber_kagoshima
増田工務店,"https://maruhey.jp/",鹿児島市,chamber_kagoshima
株式会社三二六工務店,"https://www.326koumuten.com/",那覇市,chamber_naha_yeg
株式会社esデザイン,"https://esdesign.co.jp/",那覇市,chamber_naha_yeg
株式会社井上工務店,"https://inoue-ca.com/",那覇市,chamber_naha
