company,url,prefecture,source
有限会社大廣建設,https://dai-kou.co.jp/,松江市,maps_gapfill_20260903
株式会社松尾工務店,https://matsuo-komuten.com/,松江市,maps_gapfill_20260903
株式会社まどか建築設計事務所,https://madoka-arc.co.jp/,松江市,maps_gapfill_20260903
有限会社石川工務店,https://daiku-is.jp/,出雲市,maps_gapfill_20260903
有限会社フォームズプラン,https://www.fomesplan.jp/,高知市,maps_gapfill_20260903
有限会社工務店森本,https://www.ko-morimoto.com/,高知市,maps_gapfill_20260903
有限会社門平工務店,https://www.kadohira-k.com/,高知市,maps_gapfill_20260903
株式会社益岡工務店,https://www.masuoka-fp.com/,高知市,maps_gapfill_20260903
株式会社らんどめいど,https://www.landmade.co.jp/,高知市,maps_gapfill_20260903
株式会社ムラヤマ,https://www.murayama-co.jp/,長崎市,maps_gapfill_20260903
ユーセイホーム株式会社,https://www.yousei151224.com/,長崎市,maps_gapfill_20260903
岩崎工務店,https://www.iwasaki-k.jp/,大村市,maps_gapfill_20260903
宮崎住宅建設工業株式会社,https://www.miyajyu.co.jp/,宮崎市,maps_gapfill_20260903
株式会社史幸工務店,https://www.shikou-k.co.jp/,熊本市,maps_gapfill_20260903
あめいろ工務店,https://ameiro-home.com/,熊本市,maps_gapfill_20260903
CLAMPY,https://clampy.jp/,熊本市,maps_gapfill_20260903
株式会社丸和建設,https://www.maruwa-k.co.jp/,鹿児島市,maps_gapfill_20260903
株式会社ハウジングプラザ,https://www.housingplaza.co.jp/,鹿児島市,maps_gapfill_20260903
株式会社ナチュラルハウス,https://www.naturalhouse.co.jp/,堺市,maps_gapfill_20260903
