company,email,site_url,audit_notes,pay_signals,skin_pair,demo_url_a,demo_url_b,status,reply_class,checkout_status,intake_status,delivered_url,source,do_not_contact,quoted_price,vertical,notes,approval_seq,owner_approved_at,sent_at,bounce_at,bounce_type,reply_at,reply_type,meeting_at,quote_at,order_at,order_amount_yen,template_version,followup_sent_at,body_reviewed_at
株式会社新見工務店,niimi-230@outlook.jp,"http://niimikoumuten.com/",2026-08-20実機+audit: (1)HTTPSでない (2)更新感が弱い/放置気味 (3)導線はtelありだが全体が古い静的HP,法人・公共工事実績・業歴約30年,"d-signboard,b-atelier","https://calcite-ai.github.io/calcite-demos/buyout-prospects/niimi-koumuten/d-signboard/","https://calcite-ai.github.io/calcite-demos/buyout-prospects/niimi-koumuten/b-atelier/",sent,,,unpaid,not_sent,,prospects,55000,koumuten,初回送信済 2026-08-20 / 旧価格55k。返信時は66k決済メール禁止→オーナーが55kで対応,,,2026-08-20,,,,,,,,,v1_initial_55k,,
株式会社福澤工務店,construction@k-fukuzawa.co.jp,"http://www.k-fukuzawa.co.jp/",2026-08-20 G1: C0=厚木公式は本URLのみ(北海道同名fukuzawa-k.comは別社)。C1=最終http(httpsは証明書不備かつhttpへ301)。C2=tel:0。C3=viewportなし。粗:(1)https未整備(2)viewportなし(3)tel:なし,法人・資本金2000万・一級建築士事務所・1965年設立,"d-signboard,b-atelier","https://calcite-ai.github.io/calcite-demos/buyout-prospects/fukuzawa-koumuten/d-signboard/","https://calcite-ai.github.io/calcite-demos/buyout-prospects/fukuzawa-koumuten/b-atelier/",sent,,,unpaid,not_sent,,hunter,55000,koumuten,初回送信済 2026-08-21 / Gmail id 1a021db584e48325 / 旧価格55k。返信時は66k決済メール禁止→オーナーが55kで対応,,,2026-08-21,,,,,,,,,v1_initial_55k,,
株式会社日南工務店,info@nichinankoumuten.jp,"http://www.nichinankoumuten.jp/",2026-08-20 G1: C0=公式はこのドメインのみ。C1=最終http(httpsは自己署名→httpへ301)。C2=tel:0(会社案内に番号テキストのみ)。C3=viewportあり。更新お知らせは2016止。粗:(1)https未整備(2)tel:なし(3)更新停止感,法人・創業昭和41・建設業許可,"d-signboard,c-daylight","https://calcite-ai.github.io/calcite-demos/buyout-prospects/nichinan-koumuten/d-signboard/","https://calcite-ai.github.io/calcite-demos/buyout-prospects/nichinan-koumuten/c-daylight/",sent,,,unpaid,not_sent,,hunter,55000,koumuten,初回送信済 2026-08-22 / Gmail id 1a02701a6b334226 / 旧価格55k。返信時は66k決済メール禁止→オーナーが55kで対応,,,2026-08-22,,,,,,,,,v1_initial_55k,,
マキノ祭典(株式会社まきの),kazmaki@makinosaiten.co.jp,"http://www.makinosaiten.co.jp/",2026-08-20 audit: .co.jpは古いが公式は別URL,0120・法人,"c-daylight,d-signboard","https://calcite-ai.github.io/calcite-demos/buyout-prospects/makino-saiten/c-daylight/","https://calcite-ai.github.io/calcite-demos/buyout-prospects/makino-saiten/d-signboard/",paused,,,unpaid,not_sent,,prospects,66000,sougi,Phase2まで送信禁止（工務店優先）,,,,,,,,,,,,,,
片平浩二税理士事務所,katahira.tax.office@kita-katahira.jp,"https://katahira-tax-office.com/",2026-08-20 audit: HTTPSあり・年〜2021。古さ中〜弱,法人税理士・地域活動,"b-atelier,a-sumi","https://calcite-ai.github.io/calcite-demos/buyout-prospects/katahira-tax/b-atelier/","https://calcite-ai.github.io/calcite-demos/buyout-prospects/katahira-tax/a-sumi/",paused,,,unpaid,not_sent,,prospects,66000,zeirishi,Phase2まで送信禁止（工務店優先）,,,,,,,,,,,,,,
新居浜葬儀社(愛結会館),niihamazouka@biscuit.ocn.ne.jp,"http://niihamasougisha.com/",2026-08-20: HTTPS・Last-Modified 2026-06。古さ弱,0120・法人・複数拠点,"c-daylight,b-atelier","https://calcite-ai.github.io/calcite-demos/buyout-prospects/niihama-sougi/c-daylight/","https://calcite-ai.github.io/calcite-demos/buyout-prospects/niihama-sougi/b-atelier/",paused,,,unpaid,not_sent,,prospects,66000,sougi,Phase2まで送信禁止（工務店優先）,,,,,,,,,,,,,,
小林隆行税理士事務所,takayuki@kobazei.net,"http://www.kobazei.net/",—,—,——,,,,paused,,,unpaid,not_sent,,prospects,true,66000,,,,,,,,,,,,,,
株式会社テートーサービス,info@teto-s.com,"http://teto-s.com/",—,—,——,,,,paused,,,unpaid,not_sent,,prospects,true,66000,,,,,,,,,,,,,,
渡辺会計事務所,watanabe-masato@tkcnf.or.jp,"http://www.watanabe-accountant.com/",—,—,——,,,,paused,,,unpaid,not_sent,,prospects,true,66000,,,,,,,,,,,,,,
ワダケンホーム(有限会社和田建設),info@wadakenhome.co.jp,"http://www.wadakenhome.co.jp/",—,—,——,,,,paused,,,unpaid,not_sent,,prospects,true,66000,,,,,,,,,,,,,,
株式会社ダンデ・ライズ,info@danderise.co.jp,"https://www.danderise.co.jp/",2026-08-20 C0不合格: 別公式 https://danderise.com/ あり(viewport+tel整備)。.co.jp側の粗で営業するとマキノ型,不動産・分譲・注文建築,,,,paused,,,unpaid,not_sent,,,66000,,2026-08-24 除外確認: C0不合格のまま（別公式 danderise.com 整備済）。送信禁止維持,,,,,,,,,,,,,,
株式会社コーダイホーム,,"http://www.kohdai-home.co.jp/",2026-08-20: http・viewportなし・telなしは強いが、現行HTMLに公開メールなし(secureフォームのみ)。G0未達,法人・大手取引先,,,,,,paused,,,unpaid,not_sent,,,66000,,,,,,,,,,,,,,
株式会社石坂工務店,info@ishizaka-info.com,"https://www.ishizaka-info.com/",2026-08-22 G1: C0=公式はishizaka-info.com（.jpは2011放置・フッター自身が.comをURL指定。別の新公式なし）。C1=最終https（httpは302でhttpsへ）。C2=tel:0。C3=viewportありだが#header-container width:917px固定で390pxは横スクロール。C4=更新2026-01（放置とは書かない）。粗:(1)tel:なし（番号テキストのみ）(2)固定幅917pxでスマホ横スクロール(3)旧ドメイン.jpが2011のまま.comへ未転送,法人・創業昭和43・資本金1000万・建設業許可・八王子市補助金登録業者,"d-signboard,b-atelier","https://calcite-ai.github.io/calcite-demos/buyout-prospects/ishizaka-koumuten/d-signboard/","https://calcite-ai.github.io/calcite-demos/buyout-prospects/ishizaka-koumuten/b-atelier/",paused,,,unpaid,not_sent,hunter,true,66000,koumuten,過去営業済2026-05-27（個人Gmail・旧ishizakaデモ）→buyout再送禁止。buyoutデモは参考用のみ,,,,,,,,,,,,,,
石川工務店,info@waraku-i.com,"https://www.waraku-i.com/",2026-08-23 再診: C0=waraku-i.comのみ。C1=最終https。C2=tel:2。C3=viewportあり・レスポンシブ・2025更新コンテンツ。G1不合格=サイト新しく導線整備済(Hunter§5除外)。粗として使えない:user-scalable=no/WP5.7表記は差分訴求にならない,法人・西条/新居浜/今治エリア・家族経営,"d-signboard,b-atelier","https://calcite-ai.github.io/calcite-demos/buyout-prospects/ishikawa-komuten/d-signboard/","https://calcite-ai.github.io/calcite-demos/buyout-prospects/ishikawa-komuten/b-atelier/",paused,,,unpaid,not_sent,,hunter,,66000,koumuten,,,,,,,,,,,,,,
株式会社中村工務店,naka241359@ybb.ne.jp,"https://nakamura.ohotk.com/",2026-08-23 owner承認。scan:粗:(1)viewportなし(2)tel:なし. C0/C3は送信前再確認,法人・一級建築士事務所・北見,"d-signboard,b-atelier","https://calcite-ai.github.io/calcite-demos/buyout-prospects/nakamura-koumuten/d-signboard/","https://calcite-ai.github.io/calcite-demos/buyout-prospects/nakamura-koumuten/b-atelier/",sent,,,unpaid,not_sent,owner_review,,66000,koumuten,初回送信済 2026-08-24 / Gmail id 1a0314ca8bcf7c6e / デモ公開 2026-08-24 / フォロー送信済 2026-09-09 / SMTP <f76c52a3-743a-7e09-fc62-8b9ca0f9c3a9@calcite-mail.jp>,1,2026-08-23,2026-08-24,,,,,,,,,v1_initial_66k,2026-09-09,
株式会社ビルドテクト,mail.bildtct@clock.ocn.ne.jp,"http://www.sciencetect.jp/company.html",2026-08-25 G1: C0=公式はsciencetect.jpのみ（検索・企業DBも同URL。別の新公式なし）。C1=最終http（httpsは証明書CN=*.bizmw.comでホスト名不一致・接続不可。httpは200・httpsへ未転送）。C2=tel:0（番号テキストのみ 0857-38-3360）。C3=viewportあり・568px以下でheader extraはwidth:100%。C4=Last-Modified 2022-04-13 / ニュース2016-09-21止。粗:(1)https未整備（証明書不一致）(2)tel:なし（番号テキストのみ）(3)ニュース2016止,法人・資本金2000万・建設業許可・宅建業許可・一級建築士・設立昭和61,"d-signboard,b-atelier","https://calcite-ai.github.io/calcite-demos/buyout-prospects/buildtect/d-signboard/","https://calcite-ai.github.io/calcite-demos/buyout-prospects/buildtect/b-atelier/",paused,,,unpaid,not_sent,owner_review,,66000,koumuten,初回送信済 2026-08-25 / Gmail id 1a038d2c1c059129 / デモ公開 2026-08-25（PR#6 merge後に送信） / IMAP bounce 2026-08-27 kind=hard,2,2026-08-23,2026-08-25,2026-08-27,hard,,,,,,,v1_initial_66k,,
株式会社基工務店,motokou@mtd.jp,"http://mtd.jp/",2026-08-26 G1: C0=公式はmtd.jpのみ（www同内容。検索・企業DBも同URL。別の新公式なし）。C1=最終http（httpsは証明書CN=*.conohawing.comでホスト名不一致・接続不可。httpは200・httpsへ未転送）。C2=tel:0（番号テキストのみ 0235-64-1043）。C3=viewportあり・max-width:760pxで#BodyAreaはwidth:auto。C4=Last-Modified 2020-08-31 / ©2018。粗:(1)https未整備（証明書ホスト名不一致）(2)tel:なし（番号テキストのみ）(3)更新停止感（Last-Modified 2020-08 / ©2018）,法人・中小,"b-atelier,c-daylight","https://calcite-ai.github.io/calcite-demos/buyout-prospects/moto-koumuten/b-atelier/","https://calcite-ai.github.io/calcite-demos/buyout-prospects/moto-koumuten/c-daylight/",paused,,,unpaid,not_sent,owner_review,,66000,koumuten,2026-08-26 bounce 552 mailbox full (motokou@mtd.jp) Gmail id 1a03e391d6d66308。容量回復まで再送禁止。電話テキスト 0235-64-1043 / bounce=mailbox_full 2026-08-26,3,2026-08-23,,2026-08-26,mailbox_full,,,,,,,,,
村上工務店,murakamikoumuten4396@gmail.com,"http://murakamikoumuten.jp/",2026-08-26 G1: C0=公式 murakamikoumuten.jp。C1=最終http（https未確認/SSL未整備訴求）。C2=tel:0（番号テキスト 029-262-4396・全角表記あり）。C3=viewport要確認。C4=Last-Modified 2021-09 / HTML内2019止。粗:(1)https未整備(2)tel:なし(3)更新停止感。住所 〒311-1213 茨城県ひたちなか市牛久保2-13-15,法人・中小,"b-atelier,c-daylight","https://calcite-ai.github.io/calcite-demos/buyout-prospects/murakami-koumuten/b-atelier/","https://calcite-ai.github.io/calcite-demos/buyout-prospects/murakami-koumuten/c-daylight/",sent,,,unpaid,not_sent,owner_review,,66000,koumuten,初回送信済 2026-08-26 / Gmail id 1a03e3f387323f4b / デモ公開 2026-08-26（b-atelier+c-daylight） / フォロー送信済 2026-09-09 / SMTP <f2fc2c1e-bdaf-126d-f4fb-c434f11051ba@calcite-mail.jp>,4,2026-08-23,2026-08-26,,,,,,,,,v1_initial_66k,2026-09-09,
中武建設株式会社,info@nakatake.co.jp,"http://www.nakatake.co.jp/",2026-08-27 G1: C0=公式はnakatake.co.jpのみ（www同内容。Cleanup.jp・法人DBも同ドメイン。別の新公式なし。西都市・有限会社中武建設／日南市・株式会社中武工務店は別法人）。C1=最終http（httpsはTLSエラーで接続不可。httpは200・httpsへ未転送）。C2=tel:0（番号テキストのみ 0985-48-2447）。C3=viewportなし。C4=Last-Modified 2007-01-18 / COPY RIGHT 20XX。粗:(1)https未整備（TLS接続不可）(2)viewportなし(3)tel:なし（番号テキストのみ）,法人・資本金3300万・設立1977・建設業許可,"b-atelier,c-daylight","https://calcite-ai.github.io/calcite-demos/buyout-prospects/nakatake-kensetsu/b-atelier/","https://calcite-ai.github.io/calcite-demos/buyout-prospects/nakatake-kensetsu/c-daylight/",sent,,,unpaid,not_sent,owner_review,,66000,koumuten,初回送信済 2026-08-27 / SMTP <9d5286a2-7e99-5ec4-908c-8fc3ab129ead@calcite-ai.jp> / GitHub Actions daily-send / フォロー送信済 2026-09-10 / SMTP <fb51beaf-ae9e-a748-34a6-67a44bf1fdbc@calcite-mail.jp>（並行run競合で二重送信・2通目 messageId <618962a4-ab1f-6c19-2a8f-896ef559c824@calcite-mail.jp> は未記録分を事後追記）,5,2026-08-23,2026-08-27,,,,,,,,,v1_initial_66k,2026-09-10,
高野建設有限会社,takano.hiroshi@jade.plala.or.jp,"http://www.takano-kensetu.jp/",2026-08-28 G1: C0=公式はtakano-kensetu.jpのみ（www。検索・会社概要・あきばれHPも同ドメイン。kensetumap.comはディレクトリ。別の新公式なし。他県の同名建設は別法人）。C1=最終http（https証明書期限切れ2016-09-12・insecureでもhttpへ301。httpは200）。C2=tel:0（番号テキストのみ 0270-75-4029。format-detection=telephone=no）。C3=viewportなし（layout.css min-width/width:980px・メディアクエリ0）。C4=(c)高野建設有限会社（年なし）/ SSL証明書2015-2016。粗:(1)https未整備（証明書期限切れ2016・https→http 301）(2)viewportなし（min-width:980px）(3)tel:なし（番号テキストのみ）,法人・建設業許可（群馬県知事許可 般-3 第22686号）・ハウスプラスすまい保険・設立平成元年,"b-atelier,c-daylight","https://calcite-ai.github.io/calcite-demos/buyout-prospects/takano-kensetsu/b-atelier/","https://calcite-ai.github.io/calcite-demos/buyout-prospects/takano-kensetsu/c-daylight/",sent,,,unpaid,not_sent,owner_review,,66000,koumuten,初回送信済 2026-08-28 / SMTP <89f4de32-65fc-1a1e-f10a-5c730a59f888@calcite-ai.jp> / GitHub Actions daily-send,6,2026-08-23,2026-08-28,,,,,,,,,v1_initial_66k,excluded:初回メールのリンクの一方に偽住所が残存,
株式会社マゴメ工務店,info@magome-net.co.jp,"http://www.magome-net.co.jp/company/",2026-08-29 G1: C0=公式はmagome-net.co.jpのみ（www。会社概要のHP欄も同URL。検索・labocity・perfjuutaku・engageも同ドメイン。magome-k.netはディレクトリ引用のみでDNS未登録＝新公式ではない。問い合わせはalpha-prmの外部フォーム）。C1=最終http（httpsはSSL handshake失敗 EOF。httpは200）。C2=tel:0（番号は画像alt/フッターテキスト 03-3775-2101のみ。mailtoは会社概要にあり）。C3=viewportなし（style.css #header/#wrap width:960px・メディアクエリ0・Last-Modified 2015-12-07）。C4=Copyright年なし / WP 3.8.1 / 新着ZEH 2020-4-27。粗:(1)https未整備（SSL接続不可）(2)viewportなし（width:960px）(3)tel:なし（番号テキスト/画像のみ）,法人・資本金3000万・特定建設業・一級建築士事務所・創業昭和36年,"b-atelier,c-daylight","https://calcite-ai.github.io/calcite-demos/buyout-prospects/magome-koumuten/b-atelier/","https://calcite-ai.github.io/calcite-demos/buyout-prospects/magome-koumuten/c-daylight/",sent,,,unpaid,not_sent,owner_review,,66000,koumuten,初回送信済 2026-08-30 / SMTP <77024df1-ea78-a2f8-1217-39bce73dd76e@calcite-ai.jp> / GitHub Actions daily-send / フォロー送信済 2026-09-10 / SMTP <4fbb686d-ba5e-97a4-0892-d559e928966f@calcite-mail.jp>（並行run競合で二重送信・2通目 messageId <ede15584-c968-5a27-393e-cd6f991ec8e2@calcite-mail.jp> は未記録分を事後追記）,7,2026-08-23,2026-08-30,,,,,,,,,v1_initial_66k,2026-09-10,
株式会社田代建築事務所,toraoumaru1970@cus4.tashiro-kentiku-jimusho.info,"http://www.tashiro-kentiku-jimusho.info/contact/",2026-08-31 G1: C0=公式はtashiro-kentiku-jimusho.infoのみ（www。検索・にいがた住宅センター・ホームズ君・建設マップも同URL。別の新公式なし）。C1=最終http（https証明書CN=*.alpha-mail.jpでホスト名不一致。insecureでも403。httpは200）。C2=tel:0（番号テキストのみ 0254-25-2598。mailtoはお問合せにあり）。C3=viewportあり・メディアクエリあり（VKテーマ 768/992）。C4=Copyright年なし / WP 4.9.18 / 新着2017-10-17止。粗:(1)https未整備（証明書ホスト名不一致・https 403）(2)tel:なし（番号テキストのみ）(3)更新停止感（新着2017-10止）,法人・一級建築士事務所・建設業許可・資本金500万,"b-atelier,c-daylight","https://calcite-ai.github.io/calcite-demos/buyout-prospects/tashiro-kentiku-jimusho/b-atelier/","https://calcite-ai.github.io/calcite-demos/buyout-prospects/tashiro-kentiku-jimusho/c-daylight/",sent,,,unpaid,not_sent,owner_review,,66000,koumuten,初回送信済 2026-08-31 / SMTP <e4223dc2-aa1f-a396-248c-78a0245aedf2@calcite-ai.jp> / GitHub Actions daily-send / フォロー送信済 2026-09-11 / SMTP <fd5755e9-1018-ccb5-e414-1787b023fdc6@calcite-mail.jp>,8,2026-08-23,2026-08-31,,,,,,,,,v1_initial_66k,2026-09-11,
髙須工務店,info@takas.co.jp,"http://www.takas.co.jp/",2026-08-31 G1: C0=公式はtakas.co.jpのみ（www。会社概要HP欄も同URL。検索・法人DBも同ドメイン。k-takasu.comは茨城県潮来市の別法人。熊本の同名も別法人）。C1=最終http（https証明書CN=cs363.xbit.jpでホスト名不一致。insecureなら200だが警告。httpは200）。C2=tel:0（番号テキストのみ 03-3772-6759。mailtoはトップ/会社概要にあり）。C3=viewportあり・Bootstrapメディアクエリあり。C4=©2018 / トップLast-Modified 2019-09-20 / 会社概要2022-08-26。粗:(1)https未整備（証明書ホスト名不一致）(2)tel:なし（番号テキストのみ）(3)更新停止感（©2018・トップLast-Modified 2019-09）,法人・創業昭和11・資本金1000万・東京都知事許可・ハウスプラス,"b-atelier,c-daylight","https://calcite-ai.github.io/calcite-demos/buyout-prospects/takasu-koumuten/b-atelier/","https://calcite-ai.github.io/calcite-demos/buyout-prospects/takasu-koumuten/c-daylight/",sent,,,unpaid,not_sent,owner_review,,66000,koumuten,初回送信済 2026-08-31 / SMTP <6716fbdb-9b82-25ce-a985-969cfed1f9de@calcite-ai.jp> / GitHub Actions daily-send / フォロー送信済 2026-09-11 / SMTP <cf48d044-6803-7133-b10d-c78f52890d0d@calcite-mail.jp>,9,2026-08-23,2026-08-31,,,,,,,,,v1_initial_66k,2026-09-11,
矢島工務店,info@yajima-k.jp,"http://www.yajima-k.jp/",2026-09-01 inside移行: HTTPS整備済・発注者目線の信頼設計が訴求軸。buyout(66k)見送り→hp_improve,法人・中小,,,,paused,,,unpaid,not_sent,owner_review,,66000,koumuten,オーナー承認キュー / 2026-09-01 buyout→inside hp_improve,10,2026-08-23,,,,,,,,,,,,
岩田水道工務店,info@iwatasuidou.co.jp,"https://www.iwatasuidou.co.jp/company.html",2026-09-01 G1: C0=公式はiwatasuidou.co.jpのみ（www。検索・会社案内URL欄も同ドメイン。別の新公式なし）。C1=最終https（httpは301でhttpsへ。SSL未整備とは書かない）。C2=tel:0（番号テキストのみ 0586-87-6565。mailtoは会社案内にあり）。C3=viewportなし。C4=Copyright 2014 / HTML内2019止。粗:(1)viewportなし(2)tel:なし（番号テキストのみ）(3)更新停止感（©2014・HTML内2019止）,法人・資本金1000万・愛知県知事許可・創業昭和62,"b-atelier,c-daylight","https://calcite-ai.github.io/calcite-demos/buyout-prospects/iwata-suidou-koumuten/b-atelier/","https://calcite-ai.github.io/calcite-demos/buyout-prospects/iwata-suidou-koumuten/c-daylight/",sent,,,unpaid,not_sent,owner_review,,66000,koumuten,初回送信済 2026-09-01 / SMTP <a8fd5cb8-9bdc-701a-0429-adc8167a5752@calcite-ai.jp> / GitHub Actions daily-send,11,2026-08-23,2026-09-01,,,,,,,,,v1_initial_66k,,
温戸ライフ,info@ondolife.jp,"http://ondolife.jp/",2026-08-24 再診: 最終HTTPS可。viewportあり。tel:0。G1見送り=HTTPS整備済で訴求弱(粗2点未満),法人・中小,,,,paused,,,unpaid,not_sent,owner_review,,66000,koumuten,オーナー承認キュー / 2026-08-24 再診除外: HTTPS有効(https://ondolife.jp/)+viewportあり・更新新しめ。残訴求はtel:なしのみで弱→オーナー方針どおり除外,12,2026-08-23,,,,,,,,,,,,
株式会社須藤建設,info@suto-k.co.jp,"http://www.suto-k.co.jp/",2026-09-01 G1: C0=公式はsuto-k.co.jpのみ（www。検索・会社案内・アットホームも同ドメイン。北海道の須藤建設株式会社は別法人）。C1=最終http（https証明書CN=*.sakura.ne.jpでホスト名不一致。insecureでも403。httpは200）。C2=tel:0（番号テキストのみ 023-688-2169。mailtoなし・メールはテキストinfo@suto-k.co.jp）。C3=viewportなし（index.cssにメディアクエリなし）。C4=©2008 / Last-Modified 2026-08-17（更新停止感は使わない）。粗:(1)https未整備（証明書ホスト名不一致・https 403）(2)viewportなし(3)tel:なし（番号テキストのみ）,法人・創業大正12・建設業許可・宅建業許可・設計事務所,"b-atelier,c-daylight","https://calcite-ai.github.io/calcite-demos/buyout-prospects/suto-kensetsu/b-atelier/","https://calcite-ai.github.io/calcite-demos/buyout-prospects/suto-kensetsu/c-daylight/",sent,,,unpaid,not_sent,owner_review,,66000,koumuten,初回送信済 2026-09-02 / SMTP <0c4dd580-913b-412e-e1a2-1ad87a5e57ad@calcite-mail.jp> / 手動送信（SendGrid host fix）,13,2026-08-23,2026-09-02,,,,,,,,,v1_initial_66k,,
有限会社松田宅建センター,info@matsuda-takken.jp,"http://www.matsuda-takken.jp/company/",2026-08-24 再診: 最終HTTPS可。viewportあり。tel:0。G1見送り=HTTPS整備済で訴求弱,法人・中小,,,,paused,,,unpaid,not_sent,owner_review,,66000,koumuten,オーナー承認キュー / 2026-08-24 再診除外: HTTPS有効+viewportあり。残訴求はtel:なしのみで弱→除外,14,2026-08-23,,,,,,,,,,,,
株式会社エースホーム,info@acehome.net,"http://acehome.net/",2026-08-24 再診: 最終HTTPS可。viewportあり。tel:0。G1見送り=HTTPS整備済で訴求弱,法人・中小,,,,paused,,,unpaid,not_sent,owner_review,,66000,koumuten,オーナー承認キュー / 2026-08-24 再診除外: HTTPS有効+viewportあり・更新新しめ。残訴求はtel:なしのみで弱→除外,15,2026-08-23,,,,,,,,,,,,
株式会社ネオハウス,info@neohouse.jp,"https://www.neohouse.jp/",2026-09-03 G1: C0=公式はneohouse.jpのみ（www。検索・会社概要・PITACT・BIZMAPSも同ドメイン。マキノ建築は沿革上の先代屋号で別公式なし。他県の同名は別法人）。C1=最終https（https://www.neohouse.jp/ 200。httpも200でhttpsへ未強制転送。SSL未整備とは書かない）。C2=tel:0（番号テキストのみ 0258-62-2112。mailtoはトップ/会社概要にinfo@neohouse.jp）。C3=viewportなし（include.css width:990px・メディアクエリ0）。C4=©2024 / 新着フラット35 2026-09-01（更新停止感は使わない）。粗:(1)viewportなし（width:990px）(2)tel:なし（番号テキストのみ）,法人・資本金900万・建設業許可・一級建築士事務所・創業昭和30,"e-taisei,f-sanyu","https://calcite-ai.github.io/calcite-demos/buyout-prospects/neohouse/e-taisei/","https://calcite-ai.github.io/calcite-demos/buyout-prospects/neohouse/f-sanyu/",sent,,,unpaid,not_sent,owner_review,,66000,koumuten,初回送信済 2026-09-03 / SMTP <662b81b3-36df-1ae5-f69f-3b8d95b2780d@calcite-mail.jp> / GitHub Actions daily-send / 2026-09-03 デモをE+F在庫画像のみに差し替え（ABCD削除・先方画像禁止）,16,2026-08-23,2026-09-03,,,,,,,,,v1_initial_66k,excluded:初回メールが未編集雛形のまま送信（架空データ）,
株式会社森川建築事務所,info@morikawa-ie.com,"http://morikawa-ie.com/contact",2026-08-24 再診: 最終HTTPS可。viewportあり。tel:0。G1見送り=HTTPS整備済で訴求弱,法人・中小,,,,paused,,,unpaid,not_sent,owner_review,,66000,koumuten,オーナー承認キュー / 2026-08-24 再診除外: HTTPS有効+viewportあり。残訴求はtel:なしのみで弱→除外,17,2026-08-23,,,,,,,,,,,,
黒田工務店,kurota-koumuten@hb.tp1.jp,"https://kurotakoumuten.web.fc2.com/",2026-08-24 再診残置: HTTPS。粗残:(1)viewportなし(2)tel:なし(3)更新停止感(HTML内2012止),法人・中小,"e-taisei,f-sanyu","https://calcite-ai.github.io/calcite-demos/buyout-prospects/kurota-koumuten/e-taisei/","https://calcite-ai.github.io/calcite-demos/buyout-prospects/kurota-koumuten/f-sanyu/",paused,,,unpaid,not_sent,owner_review,,66000,koumuten,初回送信済 2026-09-03 / SMTP <8715ab86-3213-ca3f-691a-54276aae22c1@calcite-mail.jp> / ローカル daily-send-one（オーナー確認後・23:47 JST） / SendGrid bounce 2026-09-03 kind=hard 550 5.1.1 User Unknown,18,2026-08-23,2026-09-03,2026-09-03,hard,,,,,,,v1_initial_66k,,
有限会社木香,info@mocca-house.com,"http://mocca-house.com/",2026-09-04 C0不合格: 新公式 https://moccanoie.com/ あり（HTTPS 200・viewportあり・WP/PHP8.3・新着2026-07）。mocca-house.com は旧（WP4.2.38・©2016・httpのみ）。旧URLの粗で営業するとマキノ型。新公式はHTTPS+viewport+2026更新で訴求弱（残はtel:なしのみ）。G1見送り。,法人・中小,,,,paused,,,unpaid,not_sent,owner_review,,66000,koumuten,オーナー承認キュー / 2026-09-04 C0不合格（新公式 moccanoie.com 整備済）+ G1見送り。paused,19,2026-08-23,,,,,,,,,,,,
有限会社佐藤工務店,info@bluemoon-s.com,"http://www.bluemoon-s.com/",2026-09-04 G1: C0=公式はbluemoon-s.comのみ（www。検索・会社案内・PITACT・なびさいも同URL。上尾市 satokomuten.com・岩手/新潟/相模原などの同名は別法人）。C1=最終http（httpsはTLS wrong version numberで接続不可。httpは200・httpsへ未転送）。C2=tel:0（番号テキストのみ 048-756-3688。mailtoはトップ/会社案内にinfo@bluemoon-s.com）。C3=viewportなし（style-base.css #container width:968px・メディアクエリ0）。C4=©2011-2026 / 新着2016-11-16止 / WP4.7.26 / PHP5.3.6（更新停止感は©2026があるため使わない）。粗:(1)https未整備（TLS接続不可・https未転送）(2)viewportなし（width:968px）(3)tel:なし（番号テキストのみ）,法人・創業昭和53・資本金300万・一級建築士事務所・建設業許可,"e-taisei,f-sanyu","https://calcite-ai.github.io/calcite-demos/buyout-prospects/sato-koumuten-iwatsuki/e-taisei/","https://calcite-ai.github.io/calcite-demos/buyout-prospects/sato-koumuten-iwatsuki/f-sanyu/",sent,,,unpaid,not_sent,owner_review,,66000,koumuten,初回送信済 2026-09-04 / SMTP <d505583d-c006-513d-168b-d70fbcfa25f4@calcite-mail.jp> 09:12JST + 重複 <34380283-362d-83dd-307b-05d4b594a4f5@calcite-mail.jp> 14:17JST（1通目の mark-sent push 失敗） / GitHub Actions daily-send,21,2026-08-23,2026-09-04,,,,,,,,,v1_initial_66k,excluded:初回メールが未編集雛形のまま送信（架空データ）,
株式会社望月工務店,hikaru@mochizuki-koumuten.jp,"http://www.mochizuki-koumuten.jp/",2026-08-24 再診: 最終HTTPS可。viewportあり。tel:0。G1見送り=HTTPS整備済で訴求弱,法人・中小,,,,paused,,,unpaid,not_sent,owner_review,,66000,koumuten,オーナー承認キュー / 2026-08-24 再診除外: HTTPS有効+viewportあり。残訴求はtel:なしのみで弱→除外,22,2026-08-23,,,,,,,,,,,,
株式会社五十嵐建築,chachakiki0320@yahoo.co.jp,"http://www.chachakiki.com/",2026-09-04 C0不合格: 新公式 https://www.igarashikenchiku.net/ あり（HTTPS 301→200・viewportあり・tel:0242-29-7822・Wix・©2025・代表五十嵐喜郎同一）。chachakiki.com は旧（Last-Modified 2017-05・©2008）。旧URLの粗で営業するとマキノ型。新公式はHTTPS+viewport+tel+2025更新でG1除外。,法人・中小,,,,paused,,,unpaid,not_sent,owner_review,,66000,koumuten,オーナー承認キュー / 2026-09-04 C0不合格（新公式 igarashikenchiku.net 整備済）。paused,23,2026-08-23,,,,,,,,,,,,
株式会社本田谷田部,info01@honda-yatabe.com,"https://www.honda-yatabe.com/company.html",2026-08-24 再診: 公式トップ最終HTTPS・viewportあり・tel:2・2025更新。G1見送り=サイト新し・導線整備済,法人・中小,,,,paused,,,unpaid,not_sent,owner_review,,66000,koumuten,オーナー承認キュー / 2026-08-24 再診除外: 公式トップ https://www.honda-yatabe.com/ はHTTPS+viewport+tel整備済。company.htmlの粗はトップでは無効→除外,24,2026-08-23,,,,,,,,,,,,
株式会社高嶋材木店,info@takashima-zaimoku.jp,"http://www.takashima-zaimoku.jp/",2026-09-04 G1: C0=公式はtakashima-zaimoku.jpのみ（www。検索・会社概要・合法木材NAVI・法人DBも同URL。別の新公式なし）。C1=最終http（https証明書CN=*.sakura.ne.jpでホスト名不一致。insecureでも403。httpは200）。C2=tel:0（番号テキストのみ 0297-72-0055。mailtoはトップにinfo@takashima-zaimoku.jp）。C3=viewportなし（mystyle.cssにメディアクエリなし・Homepage Builder 15）。C4=Last-Modified 2014-05-30 / 年号なし（更新停止感は使ってもよいが粗は3点で足りる）。粗:(1)https未整備（証明書ホスト名不一致・https 403）(2)viewportなし(3)tel:なし（番号テキストのみ）,法人・創業90年・建材販売,"e-taisei,f-sanyu","https://calcite-ai.github.io/calcite-demos/buyout-prospects/takashima-zaimoku/e-taisei/","https://calcite-ai.github.io/calcite-demos/buyout-prospects/takashima-zaimoku/f-sanyu/",sent,,,unpaid,not_sent,owner_review,,66000,koumuten,初回送信済 2026-09-04 / SMTP <b3296787-2d48-cb41-d605-639c4dc655d6@calcite-mail.jp> / GitHub Actions daily-send,25,2026-08-23,2026-09-04,,,,,,,,,v1_initial_66k,excluded:業種不一致(建材販売店・工務店ではない),
テクノウッドワークス株式会社,sales@technowoodworks.com,"http://www.technowoodworks.com/inquiry/",2026-08-23 owner承認。scan:粗:(1)SSL未整備(2)更新停止感(HTML内2013止). C0/C3は送信前再確認,法人・中小,,,,paused,,,unpaid,not_sent,owner_review,false,66000,koumuten,オーナー承認キュー → 送信スキップ（大手・B2Bプレカット・G3不適合）。2026-09-05 paused,26,2026-08-23,,,,,,,,,,,,
有限会社上野建築事務所,info@ueno-kenchiku.co.jp,"http://www.ueno-kenchiku.co.jp/",2026-08-23 owner承認。scan:粗:(1)SSL未整備(2)viewportなし(3)tel:なし. C0/C3は送信前再確認,法人・中小,e-taisei,"https://calcite-ai.github.io/calcite-demos/buyout-prospects/ueno-kenchiku/e-taisei/",,sent,,,unpaid,not_sent,owner_review,,66000,koumuten,初回送信済 2026-09-05 / SMTP <7791b6e2-8d9f-0b1a-b92b-518e7ac17a03@calcite-mail.jp> / GitHub Actions daily-send,27,2026-08-23,2026-09-05,,,,,,,,,v1_initial_66k,,
有限会社出浦商事,info@ideura.com,"http://ideura.com/",2026-08-23 owner承認。scan:粗:(1)SSL未整備(2)更新停止感(HTML内2005止). C0/C3は送信前再確認,法人・中小,e-taisei,"https://calcite-ai.github.io/calcite-demos/buyout-prospects/ideura/e-taisei/",,sent,,,unpaid,not_sent,owner_review,,66000,koumuten,初回送信済 2026-09-05 / SMTP <d7a72cc3-52ce-270a-1bdf-58a2d8b3b28c@calcite-mail.jp> / GitHub Actions daily-send,28,2026-08-23,2026-09-05,,,,,,,,,v1_initial_66k,,
株式会社匠技建,info@takumigiken.com,"http://www.takumigiken.com/contact",2026-08-24 オーナー指示除外。再診ではHTTPSも有効だが指示どおり送信禁止,法人・中小,,,,paused,,,unpaid,not_sent,owner_review,,66000,koumuten,オーナー承認キュー / 2026-08-24 オーナー指示除外（匠技建）,29,2026-08-23,,,,,,,,,,,,
株式会社守屋工務店,info@moriyakoumuten.com,"https://www.moriyakoumuten.com/",2026-08-24 再診残置: HTTPS。粗残:(1)viewportなし(2)tel:なし,法人・中小,e-taisei,"https://calcite-ai.github.io/calcite-demos/buyout-prospects/moriya-koumuten/e-taisei/",,sent,,,unpaid,not_sent,owner_review,,66000,koumuten,初回送信済 2026-09-06 / SMTP <841905d1-f6af-0192-8b9c-3c4cde0397d4@calcite-mail.jp> / GitHub Actions daily-send,30,2026-08-23,2026-09-06,,,,,,,,,v1_initial_66k,,
株式会社三ツワ金砂郷工場,keiri@mitsuwa-net.jp,"http://www.mitsuwa-net.jp/",2026-08-23 owner承認。scan:粗:(1)SSL未整備(2)tel:なし. C0/C3は送信前再確認,法人・中小,,,,paused,,,unpaid,not_sent,owner_review,,66000,koumuten,オーナー承認キュー / 2026-09-06 業種不一致でpaused: 実態は株式会社三ツワ（木造軸組プレカット加工・販売のB2B工場、本社=静岡県長泉町、代表=中原庸三、設立=昭和17年4月）。施主向けの新築・改修はしておらず、E案デモの事業見出しと矛盾する。社名も誤り（金砂郷は茨城の事業所名で法人名ではない）。宛先 keiri@ は経理窓口。vertical=koumuten は誤判定,31,2026-08-23,,,,,,,,,,,,
ＫＡＺ空間企画,mail@kaz-kuukan.com,"http://www.kaz-kuukan.com/",2026-08-23 owner承認。scan:粗:(1)SSL未整備(2)viewportなし(3)tel:なし. C0/C3は送信前再確認,法人・中小,e-taisei,"https://calcite-ai.github.io/calcite-demos/works/kaz-kuukan/",,sent,,,unpaid,not_sent,owner_review,,66000,koumuten,初回送信済 2026-09-07 / SMTP <3b1ba0f7-2eaa-4650-e2e4-5ecb17cf9af5@calcite-mail.jp> / GitHub Actions daily-send,32,2026-08-23,2026-09-07,,,,,,,,,v1_initial_66k,,
有限会社小畑工務店,obata-k@topaz.bforth.com,"http://www.obata-buildersoffice.com/company.html",2026-08-23 owner承認。scan:粗:(1)SSL未整備(2)viewportなし(3)tel:なし. C0/C3は送信前再確認,法人・中小,e-taisei,"https://calcite-ai.github.io/calcite-demos/works/obata-koumuten/",,sent,,,unpaid,not_sent,owner_review,,66000,koumuten,初回送信済 2026-09-08 / SMTP <d4c1b37d-dced-b946-b2c9-ea1bf00f04e2@calcite-mail.jp> / GitHub Actions daily-send,33,2026-08-23,2026-09-08,,,,,,,,,v1_initial_66k,,
株式会社中祥建設,waraoya@nifty.com,"https://nakasho-kk.jp/company",2026-08-24 再診残置: HTTPS・viewportあり。粗残:(1)tel:なし(2)更新停止感(HTML内2015止),法人・中小,e-taisei,"https://calcite-ai.github.io/calcite-demos/works/nakasho-kensetsu/",,sent,,,unpaid,not_sent,owner_review,,66000,koumuten,初回送信済 2026-09-09 / SMTP <c5a59e95-8974-87bc-1628-bdcd02077182@calcite-mail.jp> / GitHub Actions daily-send,34,2026-08-23,2026-09-09,,,,,,,,,v1_initial_66k,,
加茂建設株式会社,kamo@orihime.ne.jp,"http://www.orihime.ne.jp/~kamo/",2026-08-23 owner承認。scan:粗:(1)SSL未整備;(2)viewportなし;(3)tel:なし. C0/C3は送信前再確認,法人・中小,e-taisei,"https://calcite-ai.github.io/calcite-demos/buyout-prospects/kamo-kensetsu/e-taisei/",,sent,,,unpaid,not_sent,owner_review,,66000,koumuten,初回送信済 2026-09-06 / SMTP <48b01cd3-c1b5-3d56-bcb9-706c386f38aa@calcite-mail.jp> / GitHub Actions daily-send,29,2026-08-27,2026-09-06,,,,,,,,,v1_initial_66k,,
株式会社星野工務店,info@hoshinokoumuten.co.jp,"http://www.hoshinokoumuten.co.jp/company.html",2026-08-23 owner承認。scan:粗:(1)SSL未整備;(2)viewportなし;(3)tel:なし. C0/C3は送信前再確認,法人・中小,e-taisei,"https://calcite-ai.github.io/calcite-demos/works/hoshino-koumuten/",,sent,,,unpaid,not_sent,owner_review,,66000,koumuten,初回送信済 2026-09-07 / SMTP <36948248-2c46-c54b-9341-0f9794eb181a@calcite-mail.jp> / GitHub Actions daily-send,32,2026-08-27,2026-09-07,,,,,,,,,v1_initial_66k,,
宮川建設株式会社,miyagawa-co@wind.ocn.ne.jp,"https://miyagawa-home.main.jp/",2026-08-23 owner承認。scan:粗:(1)viewportなし;(2)tel:なし;(3)更新停止感(HTML内2015止). C0/C3は送信前再確認,法人・中小,e-taisei,"https://calcite-ai.github.io/calcite-demos/works/miyagawa-kensetsu/",,sent,,,unpaid,not_sent,owner_review,,66000,koumuten,初回送信済 2026-09-08 / SMTP <05092695-dc29-1b0d-1f32-0d961a5722e2@calcite-mail.jp> / GitHub Actions daily-send,33,2026-08-27,2026-09-08,,,,,,,,,v1_initial_66k,,
八神建築株式会社,info@yagami-kk.jp,"http://yagami-kk.jp/",2026-08-23 owner承認。scan:粗:(1)SSL未整備;(2)更新停止感(HTML内2017止). C0/C3は送信前再確認,法人・中小,e-taisei,"https://calcite-ai.github.io/calcite-demos/works/yagami-kensetsu/",,sent,,,unpaid,not_sent,owner_review,,66000,koumuten,初回送信済 2026-09-09 / SMTP <98bedd40-2c2d-9d65-f2a8-bb406c6e4f20@calcite-mail.jp> / GitHub Actions daily-send,34,2026-08-27,2026-09-09,,,,,,,,,v1_initial_66k,,
株式会社高柳組,info@takayanagi.co.jp,"http://www.takayanagi.co.jp/company/",2026-08-23 owner承認。scan:粗:(1)SSL未整備;(2)tel:なし. C0/C3は送信前再確認,法人・中小,e-taisei,"https://calcite-ai.github.io/calcite-demos/works/takayanagi-gumi/",,sent,,,unpaid,not_sent,owner_review,,66000,koumuten,初回送信済 2026-09-10 / SMTP <d3a3488f-46cd-cacf-107e-8f03f78af545@calcite-mail.jp> / GitHub Actions daily-send,35,2026-08-27,2026-09-10,,,,,,,,,v1_initial_66k,,
松本建設株式会社,kenji-m@car.ocn.ne.jp,"http://www.matsuken2581.sakura.ne.jp/",2026-08-23 owner承認。scan:粗:(1)SSL未整備;(2)tel:なし;(3)更新停止感(HTML内2015止). C0/C3は送信前再確認,法人・中小,e-taisei,"https://calcite-ai.github.io/calcite-demos/works/matsumoto-kensetsu/",,sent,,,unpaid,not_sent,owner_review,,66000,koumuten,初回送信済 2026-09-10 / SMTP <2f1b18d1-7f76-8579-bfd1-1d5821b17e59@calcite-mail.jp> / GitHub Actions daily-send,36,2026-08-27,2026-09-10,,,,,,,,,v1_initial_66k,,
株式会社笠原工務店,info@kasahara-koumuten.co.jp,"https://www.kasahara-koumuten.co.jp/",2026-08-23 owner承認。scan:粗:(1)viewportなし;(2)tel:なし. C0/C3は送信前再確認,法人・中小,e-taisei,"https://calcite-ai.github.io/calcite-demos/works/kasahara-koumuten/",,sent,,,unpaid,not_sent,owner_review,,66000,koumuten,/ owner OK 2026-08-27 pending batch / 初回送信済 2026-09-10 / SMTP <de9fa2e4-74b1-50d4-aa58-4d3f1c80f1e9@calcite-mail.jp> / GitHub Actions daily-send（並行run競合で枠超過送信・CSV反映漏れを事後修正）,37,2026-08-27,2026-09-10,,,,,,,,,v1_initial_66k,,
株式会社城南組,info@jonangumi.co.jp,"http://www.jonangumi.co.jp/company/",2026-08-23 owner承認。scan:粗:(1)SSL未整備;(2)tel:なし;(3)更新停止感(HTML内2009止). C0/C3は送信前再確認,法人・中小,e-taisei,"https://calcite-ai.github.io/calcite-demos/works/jonan-gumi/",,sent,,,unpaid,not_sent,owner_review,,66000,koumuten,/ owner OK 2026-08-27 pending batch / 初回送信済 2026-09-10 / SMTP <4060e0cf-77ef-7945-be74-ee2b91c53449@calcite-mail.jp> / GitHub Actions daily-send（並行run競合で枠超過送信・CSV反映漏れを事後修正）,38,2026-08-27,2026-09-10,,,,,,,,,v1_initial_66k,,
株式会社ハヤタウッドユーホーム,maruka.woodsystems@gmail.com,"http://maruka-woodsystems.com/",2026-08-23 owner承認。scan:粗:(1)SSL未整備;(2)viewportなし;(3)tel:なし. C0/C3は送信前再確認,法人・中小,e-taisei,"https://calcite-ai.github.io/calcite-demos/works/hayata-wood/",,sent,,,unpaid,not_sent,owner_review,,66000,koumuten,初回送信済 2026-09-11 / SMTP <3222d5e3-57ba-8099-1f44-040cf4914157@calcite-mail.jp> / GitHub Actions daily-send,39,2026-08-27,2026-09-11,,,,,,,,,v1_initial_66k,,
株式会社国松工務店,kunimatsu@k-kunimatsu.jp,"http://www.k-kunimatsu.jp/",2026-08-23 owner承認。scan:粗:(1)SSL未整備;(2)tel:なし. C0/C3は送信前再確認,法人・中小,,,,paused,,,unpaid,not_sent,owner_review,,66000,koumuten,/ owner OK 2026-08-27 pending batch / 2026-09-07 旧サイト診断のためpaused: 登録URL http://www.k-kunimatsu.jp/ は現行公式ではない。現行は https://www.k-kunimatsu.com/。URLを差し替えれば再開可,40,2026-08-27,,,,,,,,,,,,
株式会社サントピアホーム,info@www.suntopiahome.co.jp,"http://www.suntopiahome.co.jp/contact",2026-08-23 owner承認。scan:粗:(1)SSL未整備;(2)tel:なし. C0/C3は送信前再確認,法人・中小,e-taisei,"https://calcite-ai.github.io/calcite-demos/works/suntopia-home/",,sent,,,unpaid,not_sent,owner_review,,66000,koumuten,初回送信済 2026-09-11 / SMTP <6351b419-78d8-2948-b407-e4cb79f27dc1@calcite-mail.jp> / GitHub Actions daily-send,41,2026-08-27,2026-09-11,,,,,,,,,v1_initial_66k,,
株式会社共豊エポック,info@kyoho-epoch.co.jp,"http://www.kyoho-epoch.co.jp/company/",2026-08-23 owner承認。scan:粗:(1)SSL未整備;(2)更新停止感(HTML内2017止). C0/C3は送信前再確認,法人・中小,e-taisei,"https://calcite-ai.github.io/calcite-demos/works/kyoho-epoch/",,sent,,,unpaid,not_sent,owner_review,,66000,koumuten,初回送信済 2026-09-30 / SMTP <ab3572d1-71c2-c2c1-a990-ce7de55ad386@calcite-mail.jp> / GitHub Actions daily-send,43,2026-08-27,2026-09-30,,,,,,,,,v1_initial_66k,,2026-09-12
中田ホームズ有限会社,info@nakata-homes.com,"http://www.nakata-homes.com/company.html",2026-08-23 owner承認。scan:粗:(1)SSL未整備;(2)viewportなし;(3)tel:なし. C0/C3は送信前再確認,法人・中小,e-taisei,"https://calcite-ai.github.io/calcite-demos/works/nakata-homes/",,sent,,,unpaid,not_sent,owner_review,,66000,koumuten,初回送信済 2026-09-30 / SMTP <be0e4fdc-edde-8cab-a2de-fe1effac5fd7@calcite-mail.jp> / GitHub Actions daily-send,44,2026-08-27,2026-09-30,,,,,,,,,v1_initial_66k,,2026-09-12
(有)内山工務店,miyazaki@uchiyama-k.co.jp,"https://www.v-hf.com/k/uchiyama389/",2026-08-23 owner承認。scan:粗:(1)viewportなし;(2)tel:なし. C0/C3は送信前再確認,法人・中小,,,,paused,,,unpaid,not_sent,owner_review,,66000,koumuten,2026-09-09 保留: 登録URLはハウスメーカー系ポータル(v-hf.com)の1ページで社名以外の情報なし。メールドメイン(uchiyama-k.co.jp)もPleskデフォルトページ(未設定ドメイン)。デモ制作の材料が取れない,47,2026-08-27,,,,,,,,,,,,
株式会社山﨑建設,yamasaki03ys@wind.ocn.ne.jp,"http://yamasaki-1972.co.jp/profile/",2026-08-23 owner承認。scan:粗:(1)SSL未整備;(2)viewportなし;(3)tel:なし. C0/C3は送信前再確認,法人・中小,e-taisei,"https://calcite-ai.github.io/calcite-demos/works/yamasaki-kensetsu/",,paused,,,unpaid,not_sent,owner_review,,66000,koumuten,2026-09-11 メール本文レビューで発覚: 送信先yamasaki03ys@wind.ocn.ne.jpは実HP上「関連会社:山﨑商事有限会社(不動産業)」の連絡先で山﨑建設本体のものではない。本体は自社メール非公開(TEL/FAXのみ)。要オーナー判断: このまま送るか/見送るか。デモ本文は既に修正済み(誤帰属のメール表示を削除済み)だがCSVの送信先自体は未変更だった,48,2026-08-27,,,,,,,,,,,,
有限会社古澤リビング,info@furusawa-living.co.jp,"http://www.furusawa-living.co.jp/",2026-08-23 owner承認。scan:粗:(1)SSL未整備;(2)viewportなし;(3)tel:なし. C0/C3は送信前再確認,法人・中小,,,,paused,,,unpaid,not_sent,owner_review,,66000,koumuten,2026-09-09 保留: 登録URL http://www.furusawa-living.co.jp/ はHTTP200を返すがHTML内に<body>が無く実質空。板橋建設と同型（HP実体なし・送る前提が崩れる）。デモ制作の材料が取れない,46,2026-08-31,,,,,,,,,,,,
アレス有限会社,info@kenkoutatemono.co.jp,"https://www.kenkoutatemono.co.jp/",2026-08-23 owner承認。scan:粗:(1)viewportなし;(2)tel:なし;(3)更新停止感(HTML内2014止). C0/C3は送信前再確認,法人・中小,e-taisei,"https://calcite-ai.github.io/calcite-demos/works/ares-kenkoutatemono/",,sent,,,unpaid,not_sent,owner_review,,66000,koumuten,初回送信済 2026-10-01 / SMTP <2d619325-9496-87cd-86a0-6ffed596f6fe@calcite-mail.jp> / GitHub Actions daily-send,47,2026-08-31,2026-10-01,,,,,,,,,v1_initial_66k,,2026-09-12
有限会社藤川建設,fujikawa-kensetu@jcom.home.ne.jp,"https://fujikawakensetu.com/gaiyou.html",2026-08-23 owner承認。scan:粗:(1)viewportなし;(2)tel:なし;(3)更新停止感(HTML内2009止). C0/C3は送信前再確認,法人・中小,,,,paused,,,unpaid,not_sent,owner_review,,66000,koumuten,2026-09-10 独立レビューで判明: 登録URL(gaiyou.html)は2014年止まりの孤立ページ(現行サイトからリンク無し)。現行は https://fujikawakensetu.com/company/ で(1)viewportあり(2)許可番号も般03-第049132号に更新済み(デモで使った般18-49132は旧). 「スマホ非対応」の訴求前提が現行サイトには当てはまらない。2026-09-10 オーナー判断: 見送り。「スマホ非対応」の柱が使えず残る指摘(tel:不在/更新停止)だけでは訴求が弱く、先方に見透かされるリスクの方が大きいため。paused継続(永久除外ではない。承認済み67社の在庫で十分なので今は無理に送らない),52,2026-08-31,,,,,,,,,,,,
株式会社 トレカーサ工事,post@trecasa.co.jp,"https://www.trecasa.co.jp/company",2026-09-11 再監査(モバイルUA、実機375pxでコンソールエラー確認済み)。粗:(1)モバイル版の地図が読み込めない（Mixed Content でブロック）;(2)会社概要ページの電話番号はタップ発信不可. C0/C3は送信前再確認,法人・中小,e-taisei,"https://calcite-ai.github.io/calcite-demos/works/trecasa-koji/",,sent,,,unpaid,not_sent,owner_review,,66000,koumuten,初回送信済 2026-10-02 / SMTP <dae446cc-7343-42bc-c7b3-4f2249578a3a@calcite-mail.jp> / GitHub Actions daily-send,58,2026-08-31,2026-10-02,,,,,,,,,v1_initial_66k,,2026-09-12
あさひワークス株式会社,info@asahiworks.co.jp,"https://asahiworks.co.jp/company/",2026-08-23 owner承認。scan:粗:(1)viewportなし;(2)tel:なし. C0/C3は送信前再確認,法人・中小,,,,paused,,,unpaid,not_sent,owner_review,,66000,koumuten,2026-09-10 制作前確認でasahiworks.co.jpドメインが完全に乗っ取り済みと判明(インドネシア語の闘鶏ギャンブルサイト+偽通販ページに差し替わっている。トップページtitle:「SV388: Link Situs Sabung Ayam...」)。2026-08-23スキャン時から失効・乗っ取られた可能性。別ドメイン asahiworks.jp は「旭ワークス株式会社」(東京都世田谷区・人材派遣業・かつら整形)で同名無関係の別法人(マキノ型)。正しい代替公式サイトは見つからず。当面paused,54,2026-08-31,,,,,,,,,,,,
株式会社エコハウス,info@eco-house.co.jp,"http://www.eco-house.co.jp/",2026-08-23 owner承認。scan:粗:(1)SSL未整備;(2)viewportなし;(3)tel:なし. C0/C3は送信前再確認,法人・中小,e-taisei,"https://calcite-ai.github.io/calcite-demos/works/eco-house-aobadai/",,queued,,,unpaid,not_sent,owner_review,,66000,koumuten,独立レビューPASS(2026-09-10) / TEL・MAILは実HPの画像alt属性から正確に読み取り確認済み / ボリューム型候補(社員20名・実績豊富・直近更新あり),55,2026-08-31,,,,,,,,,,,,2026-09-12
株式会社ジュンプランニング,itoch@lemon.plala.or.jp,"https://www.jun-planning.biz/about/",2026-09-11 再監査(モバイルUA)。粗:(1)tel:なし（TEL/FAXは全ページともプレーンテキストのみ。モバイルUAでもtel:リンク0件を確認）. C0/C3は送信前再確認,法人・中小,e-taisei,"https://calcite-ai.github.io/calcite-demos/works/jun-planning/",,paused,,,unpaid,not_sent,owner_review,,66000,koumuten,2026-09-11 audit_notes作り直し済み(旧「viewportなし」は誤検知と判明、削除。tel:なしのみ残す)。設立年矛盾(2008/2010)は引き続き記載省略。独立レビューPASS(2026-09-11、実ブラウザJS実行後DOM+UA差分で動的検証済み) / 独立レビューPASS後に再queuedしたが、V13 G1ゲート(粗が2点以上必須)でFAILと判明、正しく訂正した課題は1点(tel:なし)のみで基準未達のためpausedに戻す,56,2026-08-31,,,,,,,,,,,,
株式会社中央建工,info@chuokenko.jp,"http://www.chuokenko.jp/profile",2026-09-11 再監査(モバイルUA。実測: openssl s_client でhttps証明書のCNが別ドメインaisai-home.net宛と確認)。粗:(1)SSL未整備;(2)tel:なし. C0/C3は送信前再確認,法人・中小,e-taisei,"https://calcite-ai.github.io/calcite-demos/works/chuo-kenko/",,sent,,,unpaid,not_sent,owner_review,,66000,koumuten,初回送信済 2026-10-01 / SMTP <a04c9b89-c92f-3a92-7278-55c27830728e@calcite-mail.jp> / GitHub Actions daily-send,57,2026-08-31,2026-10-01,,,,,,,,,v1_initial_66k,,2026-09-12
株式会社佐久間工務店,soumu@sakuma.co.jp,"https://sakumakoumuten.jp/",2026-09-11 独立レビュー2回で再々監査。実ブラウザ実測: 会社概要(/company/)はviewport=1300(390pxで×0.30、実効約3.9px=判読不能)。粗:(1)会社概要ページにスマートフォン用の画面幅設定がなく、PC用の幅1300pxのままのため文字が非常に小さく表示される. C0/C3は送信前再確認,法人・中小,e-taisei,"https://calcite-ai.github.io/calcite-demos/works/sakuma-koumuten/",,paused,,,unpaid,not_sent,owner_review,,66000,koumuten,2026-09-11 独立レビュー2回PASS(2026-09-11)。トップページの②は弱く①の信憑性を薄めるとの指摘を受け削除、①1本に集約。tel:なし/更新停止感は旧site_url由来の誤検知だった件、G1除外の誤判定(viewportタグ存在のみで判定していたバグ)も別途修正済み / ①1本に絞った結果V13 G1ゲート(粗が2点以上必須)でFAILと判明、pausedに戻す。事実は正しいが訴求として送信基準を満たさない,58,2026-08-31,,,,,,,,,,,,
株式会社戸諸工務店,tomoro.net@abeam.ocn.ne.jp,"https://www.tomoro.co.jp/",2026-09-11 再監査(モバイルUA)。粗:(1)tel:なし（TEL/FAXは全ページともプレーンテキストのみ。PC版・UA振り分けSP版の両方でtel:リンク0件を確認）. C0/C3は送信前再確認,法人・中小,e-taisei,"https://calcite-ai.github.io/calcite-demos/works/tomoro-koumuten/",,paused,,,unpaid,not_sent,owner_review,,66000,koumuten,2026-09-11 audit_notes作り直し済み(旧「viewportなし」は誤検知と判明、削除。tel:なしのみ残す)。独立レビューPASS(2026-09-11、実ブラウザ375px描画+UA振り分け実測で動的検証済み) / 独立レビューPASS後に再queuedしたが、V13 G1ゲート(粗が2点以上必須)でFAILと判明、正しく訂正した課題は1点(tel:なし)のみで基準未達のためpausedに戻す,59,2026-08-31,,,,,,,,,,,,
株式会社環建築工房,tamaoki@mtj.biglobe.ne.jp,"http://tama-kenchiku.jp/",2026-08-23 owner承認。scan:粗:(1)SSL未整備;(2)viewportなし;(3)tel:なし. C0/C3は送信前再確認,法人・中小,e-taisei,"https://calcite-ai.github.io/calcite-demos/works/tama-kenchiku/",,sent,,,unpaid,not_sent,owner_review,,66000,koumuten,初回送信済 2026-10-02 / SMTP <1e3d41f3-888d-cbf2-29b0-1e68f824a0aa@calcite-mail.jp> / GitHub Actions daily-send,60,2026-08-31,2026-10-02,,,,,,,,,v1_initial_66k,,2026-09-12
有限会社新井建設,yoshiwa@athome-arai.jp,"https://www.athome-arai.jp/",2026-08-23 owner承認。scan:粗:(1)viewportなし;(2)tel:なし. C0/C3は送信前再確認,法人・中小,,,,paused,,,unpaid,not_sent,owner_review,,66000,koumuten,オーナー承認キュー / 2026-09-07 旧サイト診断のためpaused: 登録URL https://www.athome-arai.jp/ は現行公式ではない。現行は https://www.athome-arai.com/。URLを差し替えれば再開可,61,2026-08-31,,,,,,,,,,,,
株式会社須藤建設,finfo@suto-k.co.jp,"http://www.suto-k.co.jp/",2026-09-04 G0不合格: 公開メールは info@suto-k.co.jp のみ。finfo@ はSJIS誤抽出（cp932では MAIL:info@suto-k.co.jp。UTF-8誤読で Finfo@ に見える）。同一社 seq=13 は 2026-09-02 初回送信済 → G4衝突。再送禁止。,法人・中小,,,,paused,,,unpaid,not_sent,owner_review,,66000,koumuten,オーナー承認キュー / 2026-09-04 G0不合格（finfo@はSJIS誤抽出）+ G4（info@へ 2026-09-02 送信済）。paused,12,2026-09-03,,,,,,,,,,,,
(有)手作り工房いぐち,support@netrun.ne.jp,"https://tedukuri-kobo.com/",2026-08-23 owner承認。scan:粗:(1)viewportなし;(2)tel:なし. C0/C3は送信前再確認,法人・中小,,,,paused,,,unpaid,not_sent,owner_review,,66000,koumuten,bulk_approve 2026-09-03 / 2026-09-07 旧サイト診断のためpaused: 登録URL https://tedukuri-kobo.com/ は現行公式ではない。現行は https://www.daiku-iguchi.jp/。URLを差し替えれば再開可,51,2026-09-03,,,,,,,,,,,,
株式会社新屋敷工務店,info@shinyashiki.co.jp,"https://www.shinyashiki.co.jp/company/",2026-08-23 owner承認。scan:粗:(1)viewportなし;(2)tel:なし. C0/C3は送信前再確認,法人・中小,e-taisei,"https://calcite-ai.github.io/calcite-demos/works/shinyashiki-koumuten/",,sent,,,unpaid,not_sent,owner_review,,66000,koumuten,初回送信済 2026-10-03 / SMTP <0538b81d-b73d-62d2-d743-9de8b088c624@calcite-mail.jp> / GitHub Actions daily-send,62,2026-09-03,2026-10-03,,,,,,,,,v1_initial_66k,,2026-09-12
株式会社タウンズホーム,natural-home@towns-home.co.jp,"https://ssl.towns-home.co.jp/company.html",2026-08-23 owner承認。scan:粗:(1)tel:なし;(2)フッターに制作会社が残した別会社の社名・住所がそのまま公開されている. C0/C3は送信前再確認,法人・中小,e-taisei,"https://calcite-ai.github.io/calcite-demos/works/towns-home/",,sent,,,unpaid,not_sent,owner_review,,66000,koumuten,初回送信済 2026-10-03 / SMTP <0b483fa4-1eb7-fe1b-4f22-2625cfee3a6b@calcite-mail.jp> / GitHub Actions daily-send,63,2026-09-03,2026-10-03,,,,,,,,,v1_initial_66k,,2026-09-12
押元建設,info@osimoto.com,"http://www.osimoto.com/company/",2026-08-23 owner承認。scan:粗:(1)SSL未整備;(2)tel:なし. C0/C3は送信前再確認,法人・中小,e-taisei,"https://calcite-ai.github.io/calcite-demos/works/oshimoto-kensetsu/",,sent,,,unpaid,not_sent,owner_review,,66000,koumuten,初回送信済 2026-10-04 / SMTP <23cd23ef-3954-5d0b-9941-d351d756d697@calcite-mail.jp> / GitHub Actions daily-send,64,2026-09-03,2026-10-04,,,,,,,,,v1_initial_66k,,2026-09-12
石井工業株式会社,ishiikogyo@nifty.com,"https://ishiikogyo.jp/about/",2026-09-11 再監査(JS実行確認)。粗:(1)tel:なし（電話番号はテキストのみ。format-detection=telephone=noでiOS自動リンクも無効化。会社概要ページの番号リンクは問い合わせフォームへ遷移し発信不可）. C0/C3は送信前再確認,法人・中小,e-taisei,"https://calcite-ai.github.io/calcite-demos/works/ishii-kogyo/",,paused,,,unpaid,not_sent,owner_review,,66000,koumuten,2026-09-11 audit_notes作り直し済み(旧「viewportなし」はJS注入型のため誤検知と判明、削除。tel:なしのみ残す) / 強み：サンブスギの家づくり推奨店に認定されているのですね| / 独立レビューPASS(2026-09-11、JS実行後のDOMで動的検証済み。notesからの強み：脱落を検知・復元) / 独立レビューPASS後に再queuedしたが、V13 G1ゲート(粗が2点以上必須。SSL警告のみ1点可)でFAILと判明、正しく訂正した課題は1点(tel:なし)のみで基準未達のためpausedに戻す。事実は正しいが訴求として送信基準を満たさない,65,2026-09-03,,,,,,,,,,,,
株式会社杉本工務店,info@sugi-kou.net,"https://sugi-kou.net/company/",2026-08-23 owner承認。scan:粗:(1)viewportなし;(2)tel:なし. C0/C3は送信前再確認,法人・中小,e-taisei,"https://calcite-ai.github.io/calcite-demos/works/sugimoto-koumuten/",,sent,,,unpaid,not_sent,owner_review,,66000,koumuten,初回送信済 2026-10-04 / SMTP <a0355795-61b0-e39d-fe8f-83d3055760e3@calcite-mail.jp> / GitHub Actions daily-send,66,2026-09-03,2026-10-04,,,,,,,,,v1_initial_66k,,2026-09-12
株式会社前澤工務店,info@maezawa-koumuten.com,"https://www.maezawa-koumuten.com/pc/index.html",2026-08-23 owner承認。scan:粗:(1)viewportなし;(2)tel:なし. C0/C3は送信前再確認,法人・中小,e-taisei,"https://calcite-ai.github.io/calcite-demos/works/maezawa-koumuten/",,sent,,,unpaid,not_sent,owner_review,,66000,koumuten,初回送信済 2026-10-05 / SMTP <01616151-d568-62d5-e1b5-5a416d6d48eb@calcite-mail.jp> / GitHub Actions daily-send,67,2026-09-03,2026-10-05,,,,,,,,,v1_initial_66k,,2026-09-12
株式会社幸治工務店,hiroaki_koji@mac.com,"https://koji-koumuten.com/",2026-08-23 owner承認。scan:粗:(1)viewportなし;(2)tel:なし. C0/C3は送信前再確認,法人・中小,e-taisei,"https://calcite-ai.github.io/calcite-demos/works/koji-koumuten/",,sent,,,unpaid,not_sent,owner_review,,66000,koumuten,初回送信済 2026-10-05 / SMTP <08d9f382-34d5-300a-45b1-26db7db806f1@calcite-mail.jp> / GitHub Actions daily-send,68,2026-09-03,2026-10-05,,,,,,,,,v1_initial_66k,,2026-09-12
有限会社野澤工務店,nozawakoumuten@tbr.t-com.ne.jp,"http://www.nozawa-koumuten.jp/",2026-09-11 独立レビューで再監査。「更新停止感(HTML内2000止)」はSwiperスライダーのspeed:2000(ミリ秒)をJS内から誤検出したもので年ではない（サイトに更新停止を示す箇所は実在しない）。粗:(1)SSL未整備（httpsは証明書のホスト名不一致で接続不可、httpは200のまま）. C0/C3は送信前再確認,法人・中小,e-taisei,"https://calcite-ai.github.io/calcite-demos/works/nozawa-koumuten/",,sent,,,unpaid,not_sent,owner_review,,66000,koumuten,初回送信済 2026-10-06 / SMTP <8461778f-1834-0e95-7267-280f1c0d61a9@calcite-mail.jp> / GitHub Actions daily-send,69,2026-09-03,2026-10-06,,,,,,,,,v1_initial_66k,,2026-09-12
株式会社辰栄工務店,info@shin-ei-net.co.jp,"https://www.shin-ei-net.co.jp/",2026-08-23 owner承認。scan:粗:(1)tel:なし;(2)更新停止感(HTML内2017止). C0/C3は送信前再確認,法人・中小,e-taisei,"https://calcite-ai.github.io/calcite-demos/works/shinei-koumuten/",,sent,,,unpaid,not_sent,owner_review,,66000,koumuten,初回送信済 2026-10-06 / SMTP <5f4943aa-59d6-2132-bc3e-1068dfb2ea36@calcite-mail.jp> / GitHub Actions daily-send,70,2026-09-03,2026-10-06,,,,,,,,,v1_initial_66k,,2026-09-12
株式会社寿々木工務店,kotobuki@heart.ocn.ne.jp,"https://suzuki-komuten.sakura.ne.jp/",2026-08-23 owner承認。scan:粗:(1)viewportなし;(2)tel:なし. C0/C3は送信前再確認,法人・中小,e-taisei,"https://calcite-ai.github.io/calcite-demos/works/suzuki-koumuten/",,sent,,,unpaid,not_sent,owner_review,,66000,koumuten,初回送信済 2026-10-07 / SMTP <61e0f075-46ca-cb14-27a5-961ef6dadf43@calcite-mail.jp> / GitHub Actions daily-send,71,2026-09-03,2026-10-07,,,,,,,,,v1_initial_66k,,2026-09-12
株式会社横和工務店,info@yokowa.co.jp,"http://www.yokowa.co.jp/",2026-08-23 owner承認。scan:粗:(1)SSL未整備. C0/C3は送信前再確認,法人・中小,e-taisei,"https://calcite-ai.github.io/calcite-demos/works/yokowa-koumuten/",,sent,,,unpaid,not_sent,owner_review,,66000,koumuten,初回送信済 2026-10-07 / SMTP <c30a41aa-8740-233a-ed0b-967ab151e522@calcite-mail.jp> / GitHub Actions daily-send,72,2026-09-03,2026-10-07,,,,,,,,,v1_initial_66k,,2026-09-12
有限会社米澤工務店,yonezawa@yone-kou.com,"http://yone-kou.com/",2026-08-23 owner承認。scan:粗:(1)SSL未整備;(2)tel:なし. C0/C3は送信前再確認,法人・中小,e-taisei,"https://calcite-ai.github.io/calcite-demos/works/yonezawa-koumuten/",,sent,,,unpaid,not_sent,owner_review,,66000,koumuten,初回送信済 2026-10-08 / SMTP <565b8b3a-a9a2-e3a7-30de-2452b2d25148@calcite-mail.jp> / GitHub Actions daily-send,73,2026-09-03,2026-10-08,,,,,,,,,v1_initial_66k,,2026-09-12
株式会社渡辺工務店,info@watanabe-koumuten.jp,"http://watanabe-koumuten.jp/",2026-09-11 独立レビューで再監査。CMS(parabola.studio)がJS実行時に.tel_linkerをtel:リンクへ変換する構成で、実際はスマホ用の固定発信バー(tel.0463-95-0487)が実装済み（実ブラウザJS実行後のDOMで確認）。粗:(1)SSL未整備（httpsは別ドメイン(parabola.studio)宛の証明書でエラー、httpは200のまま）. C0/C3は送信前再確認,法人・中小,e-taisei,"https://calcite-ai.github.io/calcite-demos/works/watanabe-koumuten/",,sent,,,unpaid,not_sent,owner_review,,66000,koumuten,初回送信済 2026-10-08 / SMTP <28b43cdd-c875-8336-50ae-596225ca60f4@calcite-mail.jp> / GitHub Actions daily-send,74,2026-09-03,2026-10-08,,,,,,,,,v1_initial_66k,,2026-09-12
木村工務店,kimurakoumuten@amber.plala.or.jp,"http://www.kimura-d9.com/",2026-09-11 事前監査でUA振り分け型CMS(acre)と判明。PCはviewportなし・tel:なしだが、モバイル(sp.js)はviewport実装済みかつ本文中の電話番号を正規表現で抽出しtel:リンクを動的注入(createTelTag)する実装のため実際はタップ発信可能。粗:(1)SSL未整備. C0/C3は送信前再確認,法人・中小,e-taisei,"https://calcite-ai.github.io/calcite-demos/works/kimura-koumuten/",,sent,,,unpaid,not_sent,owner_review,,66000,koumuten,初回送信済 2026-10-09 / SMTP <abdde581-da5c-0a53-c4ca-4fff6ed86f30@calcite-mail.jp> / GitHub Actions daily-send,75,2026-09-03,2026-10-09,,,,,,,,,v1_initial_66k,,2026-09-12
株式会社浜工務店,hama6135@theia.ocn.ne.jp,"http://www.orenoie.jp/",2026-08-23 owner承認。scan:粗:(1)SSL未整備;(2)tel:なし. C0/C3は送信前再確認,法人・中小,e-taisei,"https://calcite-ai.github.io/calcite-demos/works/hama-koumuten/",,sent,,,unpaid,not_sent,owner_review,,66000,koumuten,初回送信済 2026-10-09 / SMTP <63c4c8ea-00d0-4efd-2371-7b552f948902@calcite-mail.jp> / GitHub Actions daily-send,76,2026-09-03,2026-10-09,,,,,,,,,v1_initial_66k,,2026-09-12
上里建設,kamiken@sky.plala.or.jp,"https://kamiken.info/inquiry/",2026-08-23 owner承認。scan:粗:(1)tel:なし;(2)更新停止感(HTML内2016止). C0/C3は送信前再確認,法人・中小,,,,paused,,,unpaid,not_sent,owner_review,,66000,koumuten,bulk_approve 2026-09-03 / 2026-10-10 デモ制作前確認でpaused: audit_notesの粗2点がいずれも事実でない。(1)tel:なし→/script/tel.js がiPhone/AndroidのUAで.tel-linkをtel:リンク化(JS注入・UA判定)。(2)更新停止感→トップのお知らせが2026.8.6まで更新中(2016は©表記のみ)。https・viewport(device-width)も対応済みで残る粗0点のためG1の2点ルール未達。100億企業宣言登録等で規模的にも対象外の可能性,77,2026-09-03,,,,,,,,,,,,
いとう建正株式会社,ito-daiku@able.ocn.ne.jp,"http://itoukensyou.web.fc2.com/",2026-08-23 owner承認。scan:粗:(1)SSL未整備;(2)viewportなし;(3)tel:なし. C0/C3は送信前再確認,法人・中小,e-taisei,"https://calcite-ai.github.io/calcite-demos/works/ito-kensyou/",,queued,,,unpaid,not_sent,owner_review,,66000,koumuten,bulk_approve 2026-09-03 / 2026-10-10 デモ制作(未レビュー・approvedのまま): C0手動確認=別ドメインの公式なし(Web検索・ドメイン推測で該当なし)。粗3点(SSL/viewport/tel)をPC・iPhone UA両方で実HP確認済み,78,2026-09-03,,,,,,,,,,,,2026-10-10
西村工務店,info@nishimura-daiku.com,"https://www.nishimura-daiku.com/company/",2026-08-23 owner承認。scan:粗:(1)viewportなし;(2)tel:なし. C0/C3は送信前再確認,法人・中小,e-taisei,"https://calcite-ai.github.io/calcite-demos/works/nishimura-daiku/",,queued,,,unpaid,not_sent,owner_review,,66000,koumuten,bulk_approve 2026-09-03 / 2026-10-10 デモ制作(未レビュー・approvedのまま): C0手動確認=別ドメインの公式なし(Web検索)。粗2点(viewport/tel)をPC・iPhone UA＋実ブラウザ(モバイル幅)で確認済み。HPの会社概要に代表者欄なし→デモにも載せず(ご挨拶署名は西村智明・県の業者一覧PDFでは代表西村隆で不一致のため),79,2026-09-03,,,,,,,,,,,,2026-10-10
有限会社つくし工務店,tsukushi_1@mub.biglobe.ne.jp,"https://tsukushikoumuten.com/",2026-08-23 owner承認。scan:粗:(1)viewportなし;(2)tel:なし. C0/C3は送信前再確認,法人・中小,,,,paused,,,unpaid,not_sent,owner_review,,66000,koumuten,bulk_approve 2026-09-03 / 2026-10-10 デモ制作前確認でpaused: (1)viewportなし は誤検知—iPhone UAでスマホ用テーマに切替わり viewport=device-width あり(UA振り分け型・G1スキャナの既知盲点)。実ブラウザ(モバイル幅)でも横スクロールなし。(2)tel:なし はPC・スマホとも事実(TEL表記のみ・format-detection=telephone=no)。httpsも対応済みで事実として残る粗は1点のみ→G1の2点ルール未達,80,2026-09-03,,,,,,,,,,,,
有限会社タイセイホーム,info@taisei-home.com,"https://www.taisei-home.com/",2026-08-23 owner承認。scan:粗:(1)viewportなし;(2)tel:なし. C0/C3は送信前再確認,法人・中小,,,,paused,,,unpaid,not_sent,owner_review,,66000,koumuten,bulk_approve 2026-09-03 / 2026-09-07 旧サイト診断のためpaused: 登録URL https://www.taisei-home.com/ は現行公式ではない。現行は https://www.taiseihome.net/。URLを差し替えれば再開可（旧サイト問題ではなく同名他社の誤登録: 登録URLは東京都世田谷区の「株式会社タイセイホーム」賃貸サイト。当社は高知県高知市の有限会社で別法人）,81,2026-09-03,,,,,,,,,,,,
株式会社武田工務店,takeda@takeda-koumuten.com,"https://www.takeda-koumuten.com/",2026-08-23 owner承認。scan:粗:(1)viewportなし;(2)tel:なし;(3)更新停止感(HTML内2008止). C0/C3は送信前再確認,法人・中小,e-taisei,"https://calcite-ai.github.io/calcite-demos/works/takeda-koumuten/",,queued,,,unpaid,not_sent,owner_review,,66000,koumuten,bulk_approve 2026-09-03 / 2026-10-10 デモ制作(未レビュー・approvedのまま): C0手動確認=Bingの地図・検索結果とも公式URLはtakeda-koumuten.com(別ドメインなし)。粗3点(viewport/tel/更新停止=ニュース最終2008年6月・©2002-2008)をPC・iPhone UA＋実ブラウザ(モバイル幅)で確認済み,82,2026-09-03,,,,,,,,,,,,2026-10-10
溝江工務店,info@mizoekoumuten.jp,"http://www.mizoekoumuten.jp/company.html",2026-08-23 owner承認。scan:粗:(1)SSL未整備;(2)viewportなし;(3)tel:なし. C0/C3は送信前再確認,法人・中小,,,,approved,,,unpaid,not_sent,owner_review,,66000,koumuten,bulk_approve 2026-09-03 / 2026-10-10 公式サイト要確認(デモ未制作): 同住所の別ドメイン mizoekoumuten.com(広告LP・計測用0037番号・viewport/tel:あり)が存在し、site_url(.jp)とどちらを診断対象とすべきか判断できず。また .jp はUA振り分け型でiPhoneでは/sp/(viewport=device-width・トップにtel:リンクあり)に切替わるため audit_notesの(2)viewportなし(3)tel:なし は誤検知。事実として残るのは(1)SSL未整備のみ(https証明書が*.xaas3.jpで不一致)。SSLのみ1点で出すかもオーナー判断,85,2026-09-03,,,,,,,,,,,,
有限会社畠山工務店,fp.h-k11@beach.ocn.ne.jp,"http://hatakeyama-komuten.com/contact-us",2026-08-23 owner承認。2026-10-10 再監査(PC・iPhone UA。https証明書は*.sakura.ne.jp宛で不一致)。粗:(1)SSL未整備. C0/C3は送信前再確認,法人・中小,e-taisei,"https://calcite-ai.github.io/calcite-demos/works/hatakeyama-komuten/",,queued,,,unpaid,not_sent,owner_review,,66000,koumuten,bulk_approve 2026-09-03 / 2026-10-10 audit_notes訂正: 旧(2)tel:なし はiPhone UAでtel:0236292111リンクありのため誤検知→除外。旧(3)更新停止感(2017止) はお知らせ最終2023-12だが会社案内にZEH実績2024年度まで掲載(Bing上2025-07更新)で断定できないため除外。残る粗はSSL1点(SSL警告のみ1点可ルールでG1 PASS) / 2026-10-10 デモ制作(未レビュー・approvedのまま): C0手動確認=Bing検索で公式はhatakeyama-komuten.comのみ(同名の西東京市の別会社wixsiteあり・別会社)。HP会社概要に代表者・許可番号・営業時間の記載なし→デモにも載せず,86,2026-09-03,,,,,,,,,,,,2026-10-10
岩崎工務店,info@iwasaki-k.jp,"https://www.iwasaki-k.jp/pc/index.html",2026-08-23 owner承認。scan:粗:(1)viewportなし;(2)tel:なし;(3)更新停止感(HTML内2018止). C0/C3は送信前再確認,法人・中小,,,,approved,,,unpaid,not_sent,owner_review,,66000,koumuten,bulk_approve 2026-09-03,87,2026-09-03,,,,,,,,,,,,
株式会社建築工社,mail@kentikukosya.co.jp,"https://kentikukosya.co.jp/contact/",2026-08-23 owner承認。scan:粗:(1)tel:なし;(2)更新停止感(HTML内2000止). C0/C3は送信前再確認,法人・中小,,,,paused,,,unpaid,not_sent,owner_review,,66000,koumuten,2026-09-09 G1 PASS確認のうえ承認（C0/C3は9:00デモ制作時に実施） / 2026-10-10 デモ制作前確認でpaused: (2)更新停止感(HTML内2000止)は誤検知—2000はSVGのxmlns(www.w3.org/2000/svg)。トップに2026年の年賀画像・2025年の画像あり更新中。(1)tel:なしは事実(PC・スマホとも)。事実として残るaudit_notes上の粗は1点のみ→G1の2点ルール未達。※audit外の事実としてviewport=width=1044px固定(スマホで縮小表示)があるが、audit_notesに無い指摘を足すかはオーナー判断のため追加していない,83,2026-09-09,,,,,,,,,,,,
株式会社芦野組,ashino@basil.ocn.ne.jp,"https://ashino.bz/contact/",2026-08-23 owner承認。scan:粗:(1)tel:なし;(2)更新停止感(HTML内2017止). C0/C3は送信前再確認,法人・中小,,,,paused,,,unpaid,not_sent,owner_review,,66000,koumuten,2026-09-09 G1 PASS確認のうえ承認（C0/C3は9:00デモ制作時に実施） / 2026-10-10 デモ制作前確認でpaused: (2)更新停止感(HTML内2017止)は誤り—トップのお知らせが2026.08.07まで更新中・2026年6月にも完成見学会告知あり(2017はcontactページ内の古い記載のみ)。WordPressのレスポンシブ(viewport=device-width)・https(httpは200で非リダイレクトだがhttps提供あり)。(1)tel:なしは生HTML上は事実(script.jsにtel注入なし)だが、事実として残る粗は1点のみ→G1の2点ルール未達,84,2026-09-09,,,,,,,,,,,,
株式会社東和不動産,info@apamancenter.com,"https://www.toware.co.jp/inquiry/",2026-08-23 owner承認。scan:粗:(1)viewportなし;(2)tel:なし. C0/C3は送信前再確認,法人・中小,,,,paused,,,unpaid,not_sent,owner_review,,66000,koumuten,2026-09-09 G1 PASS確認のうえ承認（C0/C3は9:00デモ制作時に実施） / 2026-10-10 デモ制作前確認でpaused: (2)tel:なし は誤り—トップにtel:0775541188/tel:0775811515のリンクあり(PC・iPhone UA同一HTML)。(1)viewportなしは生HTML上は事実だが残る粗は最大1点→G1の2点ルール未達。サイトは2026年も更新中のWP・3店舗(栗東/守山/湖南)の不動産・住宅会社で規模的にも対象外寄り,85,2026-09-09,,,,,,,,,,,,
田中建設有限会社,info@nb-tanaka.co.jp,"https://www.nb-tanaka.co.jp/",2026-08-23 owner承認。scan:粗:(1)tel:なし;(2)更新停止感(HTML内2000止). C0/C3は送信前再確認,法人・中小,,,,approved,,,unpaid,not_sent,owner_review,,66000,koumuten,2026-09-09 G1 PASS確認のうえ承認（C0/C3は9:00デモ制作時に実施）,86,2026-09-09,,,,,,,,,,,,
都夢住研株式会社,tomu-jk@msa.biglobe.ne.jp,"http://tomu-jk.co.jp/",2026-08-23 owner承認。scan:粗:(1)SSL未整備;(2)viewportなし. C0/C3は送信前再確認,法人・中小,,,,approved,,,unpaid,not_sent,owner_review,,66000,koumuten,2026-09-09 G1 PASS確認のうえ承認（C0/C3は9:00デモ制作時に実施）,87,2026-09-09,,,,,,,,,,,,
株式会社ハウジングホース,housing-horse@nifty.com,"https://www.housing-horse.com/corporate/",2026-08-23 owner承認。scan:粗:(1)viewportなし;(2)tel:なし. C0/C3は送信前再確認,法人・中小,,,,approved,,,unpaid,not_sent,owner_review,,66000,koumuten,2026-09-09 G1 PASS確認のうえ承認（C0/C3は9:00デモ制作時に実施）,88,2026-09-09,,,,,,,,,,,,
株式会社小阪工務店,info@kosakaweb.jp,"https://www.kosakaweb.jp/contact/",2026-08-23 owner承認。scan:粗:(1)tel:なし;(2)更新停止感(HTML内2016止). C0/C3は送信前再確認,法人・中小,,,,approved,,,unpaid,not_sent,owner_review,,66000,koumuten,2026-09-09 G1 PASS確認のうえ承認（C0/C3は9:00デモ制作時に実施）,89,2026-09-09,,,,,,,,,,,,
株式会社大塚工務店,happy.homes.since1925@s5.dion.ne.jp,"https://kinoie.life/company/",2026-08-23 owner承認。scan:粗:(1)tel:なし;(2)更新停止感(HTML内2019止). C0/C3は送信前再確認,法人・中小,,,,approved,,,unpaid,not_sent,owner_review,,66000,koumuten,2026-09-09 G1 PASS確認のうえ承認（C0/C3は9:00デモ制作時に実施）,91,2026-09-09,,,,,,,,,,,,
株式会社関西技建,customer@kansaigiken.co.jp,"http://kansaigiken.co.jp/company/",2026-08-23 owner承認。scan:粗:(1)SSL未整備. C0/C3は送信前再確認,法人・中小,,,,approved,,,unpaid,not_sent,owner_review,,66000,koumuten,2026-09-09 G1 PASS確認のうえ承認（C0/C3は9:00デモ制作時に実施）,92,2026-09-09,,,,,,,,,,,,
株式会社清水工務店,info@sh-koum.com,"https://www.sh-koum.com/",2026-08-23 owner承認。scan:粗:(1)viewportなし;(2)tel:なし. C0/C3は送信前再確認,法人・中小,,,,approved,,,unpaid,not_sent,owner_review,,66000,koumuten,2026-09-09 G1 PASS確認のうえ承認（C0/C3は9:00デモ制作時に実施）,93,2026-09-09,,,,,,,,,,,,
株式会社ミヅホ建設,m_nagamori@mizuhokensetsu.co.jp,"http://mizuhokensetsu.co.jp/company.html",2026-08-23 owner承認。scan:粗:(1)SSL未整備;(2)viewportなし;(3)tel:なし. C0/C3は送信前再確認,法人・中小,,,,approved,,,unpaid,not_sent,owner_review,,66000,koumuten,2026-09-09 G1 PASS確認のうえ承認（C0/C3は9:00デモ制作時に実施）,94,2026-09-09,,,,,,,,,,,,
株式会社中部ジェイ・シィ,info@chubu-jc.com,"http://www.chubu-jc.com/",2026-08-23 owner承認。scan:粗:(1)SSL未整備. C0/C3は送信前再確認,法人・中小,,,,approved,,,unpaid,not_sent,owner_review,,66000,koumuten,2026-09-09 G1 PASS確認のうえ承認（C0/C3は9:00デモ制作時に実施）,95,2026-09-09,,,,,,,,,,,,
中西木材株式会社,info@n-wood.co.jp,"https://www.n-wood.co.jp/",2026-08-23 owner承認。scan:粗:(1)viewportなし;(2)tel:なし. C0/C3は送信前再確認,法人・中小,,,,approved,,,unpaid,not_sent,owner_review,,66000,koumuten,2026-09-09 G1 PASS確認のうえ承認（C0/C3は9:00デモ制作時に実施）,96,2026-09-09,,,,,,,,,,,,
水上総建株式会社,info@m-souken.jp,"https://m-souken.jp/company/",2026-08-23 owner承認。scan:粗:(1)viewportなし;(2)tel:なし;(3)更新停止感(HTML内2015止). C0/C3は送信前再確認,法人・中小,,,,approved,,,unpaid,not_sent,owner_review,,66000,koumuten,2026-09-09 G1 PASS確認のうえ承認（C0/C3は9:00デモ制作時に実施）,97,2026-09-09,,,,,,,,,,,,
株式会社深澤工務所,finfo@k-fukasawa.com,"https://k-fukasawa.com/",2026-08-23 owner承認。scan:粗:(1)viewportなし;(2)tel:なし. C0/C3は送信前再確認,法人・中小,,,,approved,,,unpaid,not_sent,owner_review,,66000,koumuten,2026-09-09 G1 PASS確認のうえ承認（C0/C3は9:00デモ制作時に実施）,98,2026-09-09,,,,,,,,,,,,
今村弘建設,hiro_carpenter@hb.tp1.jp,"https://www.v-hf.com/k/imamura",2026-08-23 owner承認。scan:粗:(1)viewportなし;(2)tel:なし. C0/C3は送信前再確認,法人・中小,,,,approved,,,unpaid,not_sent,owner_review,,66000,koumuten,⚠2026-09-07 登録URLは旧サイト。現行は https://imamurahiroshikensetsu.com/ — URL差し替え前に承認しないこと / 2026-09-09 G1 PASS確認のうえ承認（C0/C3は9:00デモ制作時に実施）,100,2026-09-09,,,,,,,,,,,,
有限会社大隈建築,okuma@okumakenchiku.com,"http://www.okumakenchiku.com/contact/regist",2026-08-23 owner承認。scan:粗:(1)SSL未整備;(2)viewportなし;(3)tel:なし. C0/C3は送信前再確認,法人・中小,,,,approved,,,unpaid,not_sent,owner_review,,66000,koumuten,2026-09-09 G1 PASS確認のうえ承認（C0/C3は9:00デモ制作時に実施）,102,2026-09-09,,,,,,,,,,,,
有限会社三栄建設,info@saneikensetsu.jp,"http://www.saneikensetsu.jp/",2026-08-23 owner承認。scan:粗:(1)SSL未整備;(2)viewportなし;(3)tel:なし. C0/C3は送信前再確認,法人・中小,,,,approved,,,unpaid,not_sent,owner_review,,66000,koumuten,2026-09-09 G1 PASS確認のうえ承認（C0/C3は9:00デモ制作時に実施）,103,2026-09-09,,,,,,,,,,,,
株式会社小川工務店,info@ogawa-1k.com,"http://www.ogawa-1k.com/",2026-08-23 owner承認。scan:粗:(1)SSL未整備;(2)更新停止感(HTML内2011止). C0/C3は送信前再確認,法人・中小,,,,approved,,,unpaid,not_sent,owner_review,,66000,koumuten,2026-09-09 G1 PASS確認のうえ承認（C0/C3は9:00デモ制作時に実施）,104,2026-09-09,,,,,,,,,,,,
株式会社五瀬建築工房,info@gose-arc.com,"https://gose-arc.com/company/",2026-08-23 owner承認。scan:粗:(1)tel:なし;(2)更新停止感(HTML内2017止). C0/C3は送信前再確認,法人・中小,,,,approved,,,unpaid,not_sent,owner_review,,66000,koumuten,2026-09-09 G1 PASS確認のうえ承認（C0/C3は9:00デモ制作時に実施）,105,2026-09-09,,,,,,,,,,,,
有限会社堺建設,info@sakai.bona.jp,"https://sakai.bona.jp/company.html",2026-08-23 owner承認。scan:粗:(1)viewportなし;(2)tel:なし;(3)更新停止感(HTML内2000止). C0/C3は送信前再確認,法人・中小,,,,approved,,,unpaid,not_sent,owner_review,,66000,koumuten,2026-09-09 G1 PASS確認のうえ承認（C0/C3は9:00デモ制作時に実施）,106,2026-09-09,,,,,,,,,,,,
株式会社諏訪原建設,postmaster@suwahara.jp,"https://www.suwahara.jp/",2026-08-23 owner承認。scan:粗:(1)viewportなし;(2)tel:なし. C0/C3は送信前再確認,法人・中小,,,,approved,,,unpaid,not_sent,owner_review,,66000,koumuten,2026-09-09 G1 PASS確認のうえ承認（C0/C3は9:00デモ制作時に実施）,107,2026-09-09,,,,,,,,,,,,
株式会社ちゅらきや,hirataks@churakiya.com,"https://churakiya.com/about/",2026-08-23 owner承認。scan:粗:(1)viewportなし;(2)tel:なし. C0/C3は送信前再確認,法人・中小,,,,approved,,,unpaid,not_sent,owner_review,,66000,koumuten,2026-09-09 G1 PASS確認のうえ承認（C0/C3は9:00デモ制作時に実施）,108,2026-09-09,,,,,,,,,,,,
有限会社進和建設所,info@ehime-shield.co.jp,"http://shinwakensetsusyo.com/",2026-08-23 owner承認。scan:粗:(1)SSL未整備;(2)viewportなし;(3)tel:なし. C0/C3は送信前再確認,法人・中小,,,,approved,,,unpaid,not_sent,owner_review,,66000,koumuten,2026-09-09 G1 PASS確認のうえ承認（C0/C3は9:00デモ制作時に実施）,109,2026-09-09,,,,,,,,,,,,
イシドヤホーム株式会社,ishidoya@jomon.ne.jp,"http://ishidoyahome.jp/",2026-08-23 owner承認。scan:粗:(1)SSL未整備;(2)viewportなし;(3)tel:なし. C0/C3は送信前再確認,法人・中小,,,,approved,,,unpaid,not_sent,owner_review,,66000,koumuten,2026-09-09 G1 PASS確認のうえ承認（C0/C3は9:00デモ制作時に実施）,110,2026-09-09,,,,,,,,,,,,
株式会社北三住建,kitami1919@gmail.com,"http://kitami-j.com/about/",2026-08-23 owner承認。scan:粗:(1)SSL未整備;(2)tel:なし. C0/C3は送信前再確認,法人・中小,,,,approved,,,unpaid,not_sent,owner_review,,66000,koumuten,⚠2026-09-07 登録URLは旧サイト。現行は https://www.kitami-juken.com/ — URL差し替え前に承認しないこと / 2026-09-09 G1 PASS確認のうえ承認（C0/C3は9:00デモ制作時に実施）,111,2026-09-09,,,,,,,,,,,,
株式会社センケンホーム,info@senkenhome.jp,"http://www.senkenhome.jp/",2026-08-23 owner承認。scan:粗:(1)SSL未整備;(2)viewportなし;(3)tel:なし. C0/C3は送信前再確認,法人・中小,,,,approved,,,unpaid,not_sent,owner_review,,66000,koumuten,2026-09-09 G1 PASS確認のうえ承認（C0/C3は9:00デモ制作時に実施）,112,2026-09-09,,,,,,,,,,,,
有限会社金森建築,info@kanamori-k.com,"http://kanamori-k.com/company/",2026-08-23 owner承認。scan:粗:(1)SSL未整備;(2)viewportなし;(3)tel:なし. C0/C3は送信前再確認,法人・中小,,,,approved,,,unpaid,not_sent,owner_review,,66000,koumuten,2026-09-09 G1 PASS確認のうえ承認（C0/C3は9:00デモ制作時に実施）,113,2026-09-09,,,,,,,,,,,,
株式会社小坂工務店,email.solar@kosaka-arc.jp,"http://www.kosaka-arc.jp/",2026-08-23 owner承認。scan:粗:(1)SSL未整備;(2)viewportなし;(3)tel:なし. C0/C3は送信前再確認,法人・中小,,,,approved,,,unpaid,not_sent,owner_review,,66000,koumuten,2026-09-09 G1 PASS確認のうえ承認（C0/C3は9:00デモ制作時に実施）,114,2026-09-09,,,,,,,,,,,,
志村建設株式会社,shimu@eos.ocn.ne.jp,"https://shimuken.net/gaiyou.html",2026-08-23 owner承認。scan:粗:(1)viewportなし;(2)tel:なし. C0/C3は送信前再確認,法人・中小,,,,approved,,,unpaid,not_sent,owner_review,,66000,koumuten,2026-09-09 G1 PASS確認のうえ承認（C0/C3は9:00デモ制作時に実施）,115,2026-09-09,,,,,,,,,,,,
松谷建築設計,info@e-matuya.net,"https://e-matuya.net/company.html",2026-08-23 owner承認。scan:粗:(1)viewportなし;(2)tel:なし;(3)更新停止感(HTML内2009止). C0/C3は送信前再確認,法人・中小,,,,approved,,,unpaid,not_sent,owner_review,,66000,koumuten,2026-09-09 G1 PASS確認のうえ承認（C0/C3は9:00デモ制作時に実施）,116,2026-09-09,,,,,,,,,,,,
古民家ライフ株式会社,mail@kominkalife.com,"https://www.kominkalife.com/",2026-08-23 owner承認。scan:粗:(1)viewportなし;(2)tel:なし;(3)更新停止感(HTML内2017止). C0/C3は送信前再確認,法人・中小,,,,approved,,,unpaid,not_sent,owner_review,,66000,koumuten,2026-09-09 G1 PASS確認のうえ承認（C0/C3は9:00デモ制作時に実施）,117,2026-09-09,,,,,,,,,,,,
株式会社後田工務所,info@ushiroda.com,"http://www.ushiroda.com/about/",2026-08-23 owner承認。scan:粗:(1)SSL未整備;(2)tel:なし. C0/C3は送信前再確認,法人・中小,,,,approved,,,unpaid,not_sent,owner_review,,66000,koumuten,2026-09-09 G1 PASS確認のうえ承認（C0/C3は9:00デモ制作時に実施）,118,2026-09-09,,,,,,,,,,,,
有限会社佐藤工務所,satokom@juno.ocn.ne.jp,"http://satou-koumusyo.com/",2026-08-23 owner承認。scan:粗:(1)SSL未整備;(2)tel:なし. C0/C3は送信前再確認,法人・中小,,,,approved,,,unpaid,not_sent,owner_review,,66000,koumuten,2026-09-09 G1 PASS確認のうえ承認（C0/C3は9:00デモ制作時に実施）,119,2026-09-09,,,,,,,,,,,,
株式会社アヅマ,info@kk-aduma.co.jp,"http://www.kk-aduma.co.jp/",2026-08-23 owner承認。scan:粗:(1)SSL未整備;(2)viewportなし;(3)tel:なし. C0/C3は送信前再確認,法人・中小,,,,approved,,,unpaid,not_sent,owner_review,,66000,koumuten,2026-09-09 G1 PASS確認のうえ承認（C0/C3は9:00デモ制作時に実施）,120,2026-09-09,,,,,,,,,,,,
株式会社家本工務店,iemoto4141@crux.ocn.ne.jp,"http://www.iemoto-koumuten.jp/",2026-08-23 owner承認。scan:粗:(1)SSL未整備;(2)tel:なし. C0/C3は送信前再確認,法人・中小,,,,approved,,,unpaid,not_sent,owner_review,,66000,koumuten,2026-09-09 G1 PASS確認のうえ承認（C0/C3は9:00デモ制作時に実施）,121,2026-09-09,,,,,,,,,,,,
